`artistID`|`artistName`|`artistNo`|`trackID`
`1Xyo4u8uXC1ZmMpatF05PJ`|`The Weeknd`|0|`2IY7eOUDjw2ArKYxKa2jXc`
`4tZwfgrHOc3mvqYlEYSvVi`|`Daft Punk`|1|`2IY7eOUDjw2ArKYxKa2jXc`
`1Xyo4u8uXC1ZmMpatF05PJ`|`The Weeknd`|0|`0VeYT2aD9t65JgofFZGpKl`
`4tZwfgrHOc3mvqYlEYSvVi`|`Daft Punk`|1|`0VeYT2aD9t65JgofFZGpKl`
`69GGBxA162lTqCwzJG5jLp`|`The Chainsmokers`|0|`7BKLCZ1jbUBVqRi2FVlTVw`
`26VFTg2z8YR0cCuwLzESi2`|`Halsey`|1|`7BKLCZ1jbUBVqRi2FVlTVw`
`69GGBxA162lTqCwzJG5jLp`|`The Chainsmokers`|0|`2rizacJSyD9S1IQUxUxnsK`
`4N874uPqBka1QiCvnCVOtr`|`Phoebe Ryan`|1|`2rizacJSyD9S1IQUxUxnsK`
`0bdfiayQAKewqEvaU6rXCv`|`MØ`|0|`2Kp3IIDOY0LgATlHaXoO4O`
`0uRdK8gy7fXJGRywrlmPM7`|`GoldFish`|0|`6CFrKYk3a0A8qa9knsRhaS`
`4mXcRr0lognLc6xSb1vUTX`|`Diamond Thug`|1|`6CFrKYk3a0A8qa9knsRhaS`
`0Cd6nHYwecCNM1sVEXKlYr`|`Krewella`|0|`3NRrvr3ctGwpV1wLRjgSSs`
`5ZsFI1h6hIdQRw2ti0hz81`|`ZAYN`|0|`2y5aJvzXhHPA94U5GFAcXe`
`06HL4z0CvFAxyc27GXpf02`|`Taylor Swift`|1|`2y5aJvzXhHPA94U5GFAcXe`
`6MDME20pz9RveH9rEXvrOM`|`Clean Bandit`|0|`5knuzwU65gJK7IF5yJsuaW`
`3Isy6kedDrgPYoTS1dazA9`|`Sean Paul`|1|`5knuzwU65gJK7IF5yJsuaW`
`1zNqDE7qDGCsyzJwohVaoX`|`Anne-Marie`|2|`5knuzwU65gJK7IF5yJsuaW`
`2FwJwEswyIUAljqgjNSHgP`|`Snakehips`|0|`0Zx8khUcEfCFK2AEoIhC92`
`0bdfiayQAKewqEvaU6rXCv`|`MØ`|1|`0Zx8khUcEfCFK2AEoIhC92`
`69GGBxA162lTqCwzJG5jLp`|`The Chainsmokers`|0|`15vzANxN8G9wWfwAJLLMCg`
`2x7EATekOPhFGRx3syMGEC`|`The Knocks`|0|`0SE7gSflAhE1a5HEs5Hk9R`
`7gAYvcQFmAruyvwGjxrSUr`|`Absofacto`|1|`0SE7gSflAhE1a5HEs5Hk9R`
`7keGfmQR4X5w0two1xKZ7d`|`Kungs`|0|`1A8j067qyiNwQnZT0bzUpZ`
`726MxZBpkxnnoKl6aN7mmj`|`Cookin' On 3 Burners`|1|`1A8j067qyiNwQnZT0bzUpZ`
`5R3Hr2cnCCjt220Jmt2xLf`|`Dillon Francis`|0|`20UdW4qyeOmKa9YaOcv9WX`
`76M2Ekj8bG8W7X2nbx2CpF`|`NGHTMRE`|1|`20UdW4qyeOmKa9YaOcv9WX`
`6x041MgK6W2MyccJc7EyWs`|`BRÅVES`|0|`3rT7ji7L4GTml9T9oXk7gL`
`2IjiuEObrCKyZvSb8xLxG9`|`filous`|0|`3GLW6tRmupXtWYj38MUj0U`
`2NQEwAVHBNcI0tGMLlWwF1`|`Mat Kearney`|1|`3GLW6tRmupXtWYj38MUj0U`
`6eUKZXaKkcviH0Ku9w2n3V`|`Ed Sheeran`|0|`5H7CwzYZ60e7w69tX4ivQN`
`4sTQVOfp9vEMCemLw50sbu`|`Galantis`|1|`5H7CwzYZ60e7w69tX4ivQN`
`23fqKkggKUBHNkbKtXEls4`|`Kygo`|0|`12GEpg2XOPyqk03JZEZnJs`
`0C8ZW7ezQVs4URX5aX7Kqx`|`Selena Gomez`|1|`12GEpg2XOPyqk03JZEZnJs`
`5ivCbtrcD5N4rD337xIb2z`|`MisterWives`|0|`4HMNnAMODzVR2Hti9z98OA`
`4sTQVOfp9vEMCemLw50sbu`|`Galantis`|0|`0K7Dd9DP6fvOl0mrlX0aUa`
`6hKA4fRHqmcL8WYEmJfCaY`|`Brian Cross`|0|`0qbcAw9pNe1DtfB0aVUAky`
`7F81JPQLsqvdd5ECmYbuC4`|`Angelika Vee`|1|`0qbcAw9pNe1DtfB0aVUAky`
`6dgMUXNQNMIZgi92JcI0RX`|`HEREN`|2|`0qbcAw9pNe1DtfB0aVUAky`
`6fXEqmGQEt6ONuqVmwrN46`|`Bag Raiders`|0|`0UeYCHOETPfai02uskjJ3x`
`3MM8mtgFzaEJsqbjZBSsHJ`|`Bloc Party`|0|`4lRG10ylRu2X4js7ZxK06Y`
`2qxJFvFYMEDqd7ui6kSAcq`|`Zedd`|0|`6uBhi9gBXWjanegOb2Phh0`
`2wUjUUtkb5lvLKcGKsKqsR`|`Alessia Cara`|1|`6uBhi9gBXWjanegOb2Phh0`
`2mTXtWA6MHFws93KAA5rVt`|`45ACIDBABIES`|0|`0xXwZiGuDLLaFRlpQrJIJ4`
`1RyvyyTE3xzB2ZywiAwp0i`|`Future`|0|`3rOSwuTsUlJp0Pu0MkN8r8`
`2YZyLoL8N0Wb9xBt1NhZWg`|`Kendrick Lamar`|0|`31c9IHwCIONmUYW0jL7Riz`
`6MDME20pz9RveH9rEXvrOM`|`Clean Bandit`|0|`1x5sYLZiu9r5E43kMlt9f8`
`1Xylc3o4UrD53lo9CvFvVg`|`Zara Larsson`|1|`1x5sYLZiu9r5E43kMlt9f8`
`2qxJFvFYMEDqd7ui6kSAcq`|`Zedd`|0|`60wwxj6Dd9NJlirf84wr2c`
`7qRll6DYV06u2VuRPAVqug`|`Foxes`|1|`60wwxj6Dd9NJlirf84wr2c`
`2qxJFvFYMEDqd7ui6kSAcq`|`Zedd`|0|`0qlAureWHln3vDCsqnkyRE`
`23fqKkggKUBHNkbKtXEls4`|`Kygo`|0|`2Gl0FzuLxflY6nPifJp5Dr`
`0X2BH1fck6amBIoJhDVmmJ`|`Ellie Goulding`|1|`2Gl0FzuLxflY6nPifJp5Dr`
`1HY2Jd0NmPuamShAr6KMms`|`Lady Gaga`|0|`51PIvodunv6NmX5250zxAh`
`74XFHRwlV6OrjEM0A2NCMF`|`Paramore`|0|`6MQJ0SPApUWxHYQShpZlZb`
`6oFs3qk4VepIVFdoD4jmsy`|`PVRIS`|0|`1WasQIPpSRf6osP8UgYfim`
`5he5w2lnU9x7JFhnwcekXX`|`Skrillex`|0|`7hU38LHqMSPFrvoqADFJp4`
`1YYJxpOXYk1z1WtqdeLMkn`|`Habstrakt`|1|`7hU38LHqMSPFrvoqADFJp4`
`4sTQVOfp9vEMCemLw50sbu`|`Galantis`|0|`3caMfJGFp53NAH2TuigdNj`
`5ivCbtrcD5N4rD337xIb2z`|`MisterWives`|0|`4yweVeiVhklj00DRKcQi9z`
`2ZRQcIgzPCVaT9XKhXZIzh`|`Gryffin`|0|`0Ev562zA4pmUsBqjxsxxdx`
`45eNHdiiabvmbp4erw26rg`|`ILLENIUM`|1|`0Ev562zA4pmUsBqjxsxxdx`
`6Dd3NScHWwnW6obMFbl1BH`|`Daya`|2|`0Ev562zA4pmUsBqjxsxxdx`
`2tLI4kPsmsxQQv6zr2jbgt`|`Mickey Valen`|0|`4TcSvASmTs7HICEY6is1iX`
`23GMmLeVwj1yKMo1WGEwIj`|`Feli Ferraro`|1|`4TcSvASmTs7HICEY6is1iX`
`45eNHdiiabvmbp4erw26rg`|`ILLENIUM`|0|`3t3oNm7M0HXf7ILqA7vCTP`
`4IFgewC2urR62Fwt7uAU03`|`Kerli`|1|`3t3oNm7M0HXf7ILqA7vCTP`
`0jNDKefhfSbLR9sFvcPLHo`|`San Holo`|0|`74Ru27B7Jx8mBt5MGvGLLv`
`4O15NlyKLIASxsJ0PrXPfz`|`Lil Uzi Vert`|0|`2eMwDehkIC1j68U6FA3Eiq`
`4xRYI6VqpkE3UwrDrAZL8L`|`Logic`|0|`5tz69p7tJuGPeMGwNTxYuV`
`2wUjUUtkb5lvLKcGKsKqsR`|`Alessia Cara`|1|`5tz69p7tJuGPeMGwNTxYuV`
`6LuN9FCkKOj5PcnpouEgny`|`Khalid`|2|`5tz69p7tJuGPeMGwNTxYuV`
`2ht3wxeT69CzyKFChNnNAB`|`Big Boi`|0|`0rU1aBF8cQ8xS3H25qWuMz`
`2N4EYkIlG1kv25g6Wv8LGI`|`Killer Mike`|1|`0rU1aBF8cQ8xS3H25qWuMz`
`4yBK75WVCQXej1p04GWqxH`|`Jeezy`|2|`0rU1aBF8cQ8xS3H25qWuMz`
`3HSUGMOYBmtzgGkFKIexLt`|`JLuv Official`|0|`4iFTKFNULHYkZA4N9Oc8JV`
`26VFTg2z8YR0cCuwLzESi2`|`Halsey`|0|`4C5ewaZ05vyXM23jFJdwd4`
`3J0BpFVUc9LeOIVeN5uNhU`|`Lauren Jauregui`|1|`4C5ewaZ05vyXM23jFJdwd4`
`4YXycRbyyAE0wozTk7QMEq`|`Matoma`|0|`45OfR7ugJMgbFDuNOVpIq3`
`5NDMothbpdpq2xHqSjrrWn`|`Faith Evans`|1|`45OfR7ugJMgbFDuNOVpIq3`
`5me0Irg2ANcsgc93uaYrpb`|`The Notorious B.I.G.`|2|`45OfR7ugJMgbFDuNOVpIq3`
`7hJcb9fa4alzcOq3EaNPoG`|`Snoop Dogg`|3|`45OfR7ugJMgbFDuNOVpIq3`
`7DMveApC7UnC2NPfPvlHSU`|`Cheat Codes`|0|`7q8jJ1XZEliBakZSUMFde5`
`0CEK8AzyeD5ZUdUloB6yQV`|`CADE`|1|`7q8jJ1XZEliBakZSUMFde5`
`738wLrAtLtCtFOLvQBXOXp`|`Major Lazer`|0|`3t3jU09SpgdtvSWX4VlDtQ`
`0Y5tJX1MQlPlqiwlOH1tJY`|`Travis Scott`|1|`3t3jU09SpgdtvSWX4VlDtQ`
`4nDoRrQiYLoBzwC5BhVJzF`|`Camila Cabello`|2|`3t3jU09SpgdtvSWX4VlDtQ`
`0VRj0yCOv2FXJNP47XQnx5`|`Quavo`|3|`3t3jU09SpgdtvSWX4VlDtQ`
`4lDXfIznmGueBgTjI3qGUX`|`Møme`|0|`4uNDs2TBsv2KX9b4LIxfdt`
`6PwHyGcUfjwdjT9cdsaVWT`|`Merryn Jeann`|1|`4uNDs2TBsv2KX9b4LIxfdt`
`4FLA7MpTdP5nNUQfiaA3WM`|`ARY`|0|`4y6sUWPw0XzCb8RodaNSPY`
`0Cd6nHYwecCNM1sVEXKlYr`|`Krewella`|0|`7K0pKyU2oYG8TJHXXyEHGy`
`3JhNCzhSMTxs9WLGJJxWOY`|`Macklemore`|0|`3HVr6jTVwBHBa2flM0eURR`
`4utLUGcTvOJFr6aqIJtYWV`|`Skylar Grey`|1|`3HVr6jTVwBHBa2flM0eURR`
`3oKRxpszQKUjjaHz388fVA`|`Parcels`|0|`1kgws2l8gsvDhtsVyzWbu9`
`2qxJFvFYMEDqd7ui6kSAcq`|`Zedd`|0|`2syQ0f4SAQdzvlAewPl1DJ`
`5pUo3fmmHT8bhCyHE52hA6`|`Liam Payne`|1|`2syQ0f4SAQdzvlAewPl1DJ`
`1LOB7jTeEV14pHai6EXSzF`|`Cash Cash`|0|`1839RWzPRZCVgvamu4sHSN`
`6mU8ucezzms5I2kNH6HNlu`|`Conor Maynard`|1|`1839RWzPRZCVgvamu4sHSN`
`69VkQLf4DH7GJ68BCDOPKL`|`Campsite Dream`|0|`5lIat5pyge2yKkV20FlgQ7`
`6BrvowZBreEkXzJQMpL174`|`Hardwell`|0|`6xQvK7tPkhBzLdcCdJ0N73`
`6kI0ZZ0yjJ3Bf5JjEgUJLC`|`Alexander Tidebrink`|1|`6xQvK7tPkhBzLdcCdJ0N73`
`7CajNmpbOovFoOoasH2HaY`|`Calvin Harris`|0|`6BaCraQ9xeLYg4Sb9TBT2X`
`2RdwBSPQiwcmiDo9kixcl8`|`Pharrell Williams`|1|`6BaCraQ9xeLYg4Sb9TBT2X`
`6jJ0s89eD6GaHleKKya26X`|`Katy Perry`|2|`6BaCraQ9xeLYg4Sb9TBT2X`
`0c173mlxpT3dSFRgMO8XPh`|`Big Sean`|3|`6BaCraQ9xeLYg4Sb9TBT2X`
`4kI8Ie27vjvonwaB2ePh8T`|`Portugal. The Man`|0|`7FESgYLcOufHqKlwrvJN60`
`4AKwRarlmsUlLjIwt38NLw`|`Ofenbach`|0|`2KklXplRtxMsBYo474Es0w`
`2miwbh5mlsA2ihnFbe15Z7`|`Simon From Deep Divas`|0|`1WeJVNCp2sWDnnXpAJZnDo`
`26T6b8maqEVltcmE4kSDUl`|`Corona`|1|`1WeJVNCp2sWDnnXpAJZnDo`
`7FY5V3XMwlNBPitEjXowHQ`|`Darius Rucker`|0|`3xdjjKMcMOFgo1eQrfbogM`
`1vCWHaC5f2uS3yhpwWbIA6`|`Avicii`|0|`6WbADFqMvR8N5u0BvtsWQE`
`5JYo7gm2dkyLLlWHjxS7Dy`|`Sandro Cavazza`|1|`6WbADFqMvR8N5u0BvtsWQE`
`3GjVVVcFmUgEJEAAsbGkf4`|`Trampled by Turtles`|0|`1QesQ27kCWYTYuXJi8SApS`
`3GjVVVcFmUgEJEAAsbGkf4`|`Trampled by Turtles`|0|`2dJrn376fJPUCj1f4txnRQ`
`4Z8W4fKeB5YxbusRsdQVPb`|`Radiohead`|0|`6b2oQwSGFkzsMtQruIWm2p`
`73sIBHcqh3Z3NyqHKZ7FOL`|`Childish Gambino`|0|`3kxfsdsCpFgN412fpnW85Y`
`5he5w2lnU9x7JFhnwcekXX`|`Skrillex`|0|`57p8CBvPOxrvyCbn6ttl5r`
`3JXpwnHbLvXxY99EuXqFPX`|`Poo Bear`|1|`57p8CBvPOxrvyCbn6ttl5r`
`1LOB7jTeEV14pHai6EXSzF`|`Cash Cash`|0|`0cQdRncPu2fkaVc6lT0fCY`
`6mU8ucezzms5I2kNH6HNlu`|`Conor Maynard`|1|`0cQdRncPu2fkaVc6lT0fCY`
`5JHw3zW4kgwIZlh33geR1K`|`Sagan`|2|`0cQdRncPu2fkaVc6lT0fCY`
`45eNHdiiabvmbp4erw26rg`|`ILLENIUM`|0|`6vWk151OrbHfKe4D6Z6tdV`
`0kErUwb6xgWfkdn0RyZWHZ`|`Annika Wells`|1|`6vWk151OrbHfKe4D6Z6tdV`
`06HL4z0CvFAxyc27GXpf02`|`Taylor Swift`|0|`6uFsE1JgZ20EXyU0JQZbUR`
`5CCwRZC6euC8Odo6y9X8jr`|`Rita Ora`|0|`4c2W3VKsOFoIg2SFaO6DY5`
`6S2OmqARrzebs0tKUEyXyp`|`Demi Lovato`|0|`25C5CowdsfXld2jJanbiex`
`06HL4z0CvFAxyc27GXpf02`|`Taylor Swift`|0|`7zgqtptZvhf8GEmdsM2vp2`
`1HY2Jd0NmPuamShAr6KMms`|`Lady Gaga`|0|`7dZ1Odmx9jWIweQSatnRqo`
`246dkjvS1zLTtiykXe5h60`|`Post Malone`|0|`1OmcAT5Y8eg5bUPv9qJT4R`
`1URnnhqYAYcrqrcwql10ft`|`21 Savage`|1|`1OmcAT5Y8eg5bUPv9qJT4R`
`3JhNCzhSMTxs9WLGJJxWOY`|`Macklemore`|0|`3vGmmVqWM33agHxB19EcAi`
`6LqNN22kT3074XbTVUrhzX`|`Kesha`|1|`3vGmmVqWM33agHxB19EcAi`
`5he5w2lnU9x7JFhnwcekXX`|`Skrillex`|0|`65ES1qwOB577ZnTkizMXJJ`
`2YZyLoL8N0Wb9xBt1NhZWg`|`Kendrick Lamar`|1|`65ES1qwOB577ZnTkizMXJJ`
`64KEffDW9EtZ1y2vBYgq8T`|`Marshmello`|0|`12mGwph2YzDIlChtq3EdXP`
`3VLf4DlBTN2ZRwygS3TNti`|`The Academic`|0|`6mz4ovKdmCZaxCh7kW596H`
`7oPftvlwr6VrsViSDV7fJY`|`Green Day`|0|`6L89mwZXSOwYl76YXfX13s`
`2ZRQcIgzPCVaT9XKhXZIzh`|`Gryffin`|0|`0W363qrIc4GwuwOqa0WAEO`
`1Q9KyQkc3vODeRt9OfItxl`|`Katie Pearlman`|1|`0W363qrIc4GwuwOqa0WAEO`
`7oPftvlwr6VrsViSDV7fJY`|`Green Day`|0|`58KPPL1AdLHMvR2O2PZejr`
`74XFHRwlV6OrjEM0A2NCMF`|`Paramore`|0|`6SpLc7EXZIPpy0sVko0aoU`
`68kEuyFKyqrdQQLLsmiatm`|`Vince Staples`|0|`5POEFQCKtD0QxYLfZ2kqEx`
`74XFHRwlV6OrjEM0A2NCMF`|`Paramore`|0|`1yjY7rpaAQvKwpdUliHx0d`
`23fqKkggKUBHNkbKtXEls4`|`Kygo`|0|`2UxfcZJCphbEkfbZ6nLiDx`
`79QO0Xmn1dZhvaLicS2Yrs`|`The Night Game`|1|`2UxfcZJCphbEkfbZ6nLiDx`
`64KEffDW9EtZ1y2vBYgq8T`|`Marshmello`|0|`6TdweeWiGv35hKXn3tARjA`
`0Aemly9h57T2sLKpkNq409`|`LOOPERS`|0|`5qvGIVwLPiqAyJuohXwvSM`
`23fqKkggKUBHNkbKtXEls4`|`Kygo`|0|`41W4YKwP7DPxoplPA2U0PW`
`4QAp87iZerUP9PKxtLhmW1`|`Oliver Nelson`|1|`41W4YKwP7DPxoplPA2U0PW`
`7dtJROxWQe3fxxF5t7o67N`|`Bonnie McKee`|2|`41W4YKwP7DPxoplPA2U0PW`
`0C8ZW7ezQVs4URX5aX7Kqx`|`Selena Gomez`|0|`0tBbt8CrmxbjRP0pueQkyU`
`64KEffDW9EtZ1y2vBYgq8T`|`Marshmello`|1|`0tBbt8CrmxbjRP0pueQkyU`
`64KEffDW9EtZ1y2vBYgq8T`|`Marshmello`|0|`7vGuf3Y35N4wmASOKLUVVU`
`6LuN9FCkKOj5PcnpouEgny`|`Khalid`|1|`7vGuf3Y35N4wmASOKLUVVU`
`67hb7towEyKvt5Z8Bx306c`|`Empire of the Sun`|0|`0CFDp4qPqkbFObEH3p45x3`
`6DIS6PRrLS3wbnZsf7vYic`|`WALK THE MOON`|0|`3YQ96qkxiEwTLwgu2Izcmq`
`2mV8aJphiSHYJf43DxL7Gt`|`Chromeo`|0|`7dlwZmyBmzUbhDsgiXHGMW`
`36QJpDe2go2KgaRleHCDTp`|`Led Zeppelin`|0|`78lgmZwycJ3nzsdgmPPGNx`
`4CTKqs11Zgsv8EZTVzx764`|`Lemaitre`|0|`3h5IIiL9vK5aR0DZO6jD7D`
`2bx0ckgYnvvFPzDlGpupN2`|`Jennie A.`|1|`3h5IIiL9vK5aR0DZO6jD7D`
`5fMUXHkw8R8eOP2RNVYEZX`|`Diplo`|0|`4utgozKpeqZA18lFCcg70Q`
`0bdfiayQAKewqEvaU6rXCv`|`MØ`|1|`4utgozKpeqZA18lFCcg70Q`
`1lSoVfWwjKoGadIT3tlYRg`|`Matt Watkins`|0|`4QxC6CwjknnEv3pmdDflqY`
`0tEm6u2jTuHwpF6NtI3p7K`|`Nheon`|1|`4QxC6CwjknnEv3pmdDflqY`
`4hW4aa5Qgw9sgPMQesH64h`|`Jack Knight`|2|`4QxC6CwjknnEv3pmdDflqY`
`0jnsk9HBra6NMjO2oANoPY`|`Flo Rida`|0|`6ayTAnEwP3Yo4DOjLsN5r2`
`1r4hJ1h58CWwUQe3MxPuau`|`Maluma`|1|`6ayTAnEwP3Yo4DOjLsN5r2`
`3cWOwptrfEuGMJ2cM7ipc3`|`KLP`|0|`1ZvykrNUPMZ4cNwGTcK5NB`
`6BrvowZBreEkXzJQMpL174`|`Hardwell`|0|`2B8eAzF1rlTOLynq5zgXsG`
`03MVmfitJTVJIxYmObhQn9`|`Dyro`|1|`2B8eAzF1rlTOLynq5zgXsG`
`2AoeqcUs8DySgZRJ9yV4Ou`|`Bright Lights`|2|`2B8eAzF1rlTOLynq5zgXsG`
`4kI8Ie27vjvonwaB2ePh8T`|`Portugal. The Man`|0|`4yeWP0EabOteKT2MzPyeJ8`
`2ZRQcIgzPCVaT9XKhXZIzh`|`Gryffin`|1|`4yeWP0EabOteKT2MzPyeJ8`
`4nDoRrQiYLoBzwC5BhVJzF`|`Camila Cabello`|0|`0ofbQMrRDsUaVKq2mGLEAb`
`50co4Is1HCEo8bhOyUWKpn`|`Young Thug`|1|`0ofbQMrRDsUaVKq2mGLEAb`
`21mKp7DqtSNHhCAU2ugvUw`|`ODESZA`|0|`6oNZ0WxqptE7V0qpjtyJ4a`
`4xnihxcoXWK3UqryOSnbw5`|`Sasha Sloan`|1|`6oNZ0WxqptE7V0qpjtyJ4a`
`6bA8L82JXU9CQa2nyUnLDh`|`Lulleaux`|0|`2IQB5iBapo0Y37Yc0PtIZc`
`6OxNVd9jJ2IbNrOjHdcpJZ`|`Giang Pham`|1|`2IQB5iBapo0Y37Yc0PtIZc`
`0bq4n0hc3bUfuqIFU79sBC`|`Lucy Neville`|0|`3FCQTUlUHhSKjo6CLF2DhF`
`1Cs0zKBU1kc0i8ypK3B9ai`|`David Guetta`|0|`0tPQPaOKM32WgMSbPCYyRH`
`4D75GcNG95ebPtNvoNVXhz`|`Afrojack`|1|`0tPQPaOKM32WgMSbPCYyRH`
`25uiPmTg16RbhZWAqwLBy5`|`Charli XCX`|2|`0tPQPaOKM32WgMSbPCYyRH`
`6vXTefBL93Dj5IqAWq6OTv`|`French Montana`|3|`0tPQPaOKM32WgMSbPCYyRH`
`69GGBxA162lTqCwzJG5jLp`|`The Chainsmokers`|0|`50RJdoxw8iajGNtHQe6QeS`
`4gzpq5DPGxSnKTe4SA8HAU`|`Coldplay`|1|`50RJdoxw8iajGNtHQe6QeS`
`4AVFqumd2ogHFlRbKIjp1t`|`Alesso`|2|`50RJdoxw8iajGNtHQe6QeS`
`41rVuRHYAiH7ltBTHVR9We`|`Slushii`|0|`7ppz0b5ecGXM8xHg5yGDhK`
`5KtyvSnzn6NcqukCOsjfe0`|`Madi`|1|`7ppz0b5ecGXM8xHg5yGDhK`
`586uxXMyD5ObPuzjtrzO1Q`|`Sofi Tukker`|0|`1Cicn7ce1xoVlq8gthE2eX`
`4j5KBTO4tk7up54ZirNGvK`|`NERVO`|1|`1Cicn7ce1xoVlq8gthE2eX`
`2x7EATekOPhFGRx3syMGEC`|`The Knocks`|2|`1Cicn7ce1xoVlq8gthE2eX`
`0WuYfDB2hAYzybfAd75fvb`|`ALISA UENO`|3|`1Cicn7ce1xoVlq8gthE2eX`
`4uiMn2g0pgTrhN096QJhbp`|`Borgeous`|0|`3pVUqDd3Utc7CMDo06psdG`
`27feHJH3VKyk8FgOndiWU8`|`Taylr Renee`|1|`3pVUqDd3Utc7CMDo06psdG`
`521qvhdobR0GzhvU6TFw76`|`Tritonal`|0|`2ULg8Cw0Ckn5JDGUkCNXko`
`3kBTda7vNOOAA2Tu5uD13Y`|`Sj`|1|`2ULg8Cw0Ckn5JDGUkCNXko`
`3M9RgTC9FowQjSgi7MCsof`|`Emma Gatsby`|2|`2ULg8Cw0Ckn5JDGUkCNXko`
`1LOB7jTeEV14pHai6EXSzF`|`Cash Cash`|0|`2PSeBKFabj27ud497FxQQy`
`4ERtgeBbWRkFzIz6LaFCeY`|`Dashboard Confessional`|1|`2PSeBKFabj27ud497FxQQy`
`4uiMn2g0pgTrhN096QJhbp`|`Borgeous`|0|`1R6SFQVLcAe3Og6NA83fGR`
`0Ye4nfYAA91T1X56gnlXAA`|`Mako`|0|`28cKwj13J7ZVbszs9xvJzX`
`2kRfqPViCqYdSGhYSM9R0Q`|`Madison Beer`|1|`28cKwj13J7ZVbszs9xvJzX`
`3hyEbRtp617pNCuuQjyOmc`|`Lost Kings`|2|`28cKwj13J7ZVbszs9xvJzX`
`1N9n8MSxrr4Emhb566493b`|`Morgan Page`|0|`0y6DEVHdhyAk5uS5d25Wue`
`5KTVBYvHhoIUMMv3o8ZILZ`|`Stella Rio`|1|`0y6DEVHdhyAk5uS5d25Wue`
`3Woqe3KegExVyrEK1I6ITJ`|`Damon Sharpe`|2|`0y6DEVHdhyAk5uS5d25Wue`
`1BAdSa5cdtCNLbvT7gWmtJ`|`Conro`|0|`0cPsHxvuICaPKmWRFCRe1i`
`23fqKkggKUBHNkbKtXEls4`|`Kygo`|0|`3nTIvcfFkFEUL4cdMaEt5H`
`34v5MVKeQnIo0CWYMbbrPf`|`John Newman`|1|`3nTIvcfFkFEUL4cdMaEt5H`
`4WN5naL3ofxrVBgFpguzKo`|`Rudimental`|0|`7B6nkopZHag6tx2peZE0Hn`
`4bUqnkrDrb4f7rqmDR9yDu`|`Foy Vance`|1|`7B6nkopZHag6tx2peZE0Hn`
`1l2ekx5skC4gJH8djERwh1`|`Don Diablo`|2|`7B6nkopZHag6tx2peZE0Hn`
`5T0MSzX9RC5NA6gAI6irSn`|`Estelle`|0|`41on8RwRh22IHcChAN2gm8`
`5K4W6rqBFWDnAN6FQUkS6x`|`Kanye West`|1|`41on8RwRh22IHcChAN2gm8`
`63MQldklfxkjYDoUE4Tppz`|`M83`|0|`1eyzqe2QqGZUmfcPZtrIyt`
`0SwO7SWeDHJijQ3XNS7xEE`|`MGMT`|0|`1jJci4qxiYcOHhQR247rEU`
`26T3LtbuGT1Fu9m0eRq5X3`|`Cage The Elephant`|0|`3kb72STxc2959ZqsTwu52i`
`02kJSzxNuaWGqwubyUba0Z`|`G-Eazy`|0|`2DQ1ITjI0YoLFzuADN1ZBW`
`13ubrt8QOOCPljQ2FL1Kca`|`A$AP Rocky`|1|`2DQ1ITjI0YoLFzuADN1ZBW`
`4kYSro6naA4h99UJvo89HB`|`Cardi B`|2|`2DQ1ITjI0YoLFzuADN1ZBW`
`4WN5naL3ofxrVBgFpguzKo`|`Rudimental`|0|`5CLGzJsGqhCEECcpnFQA8x`
`4ScCswdRlyA23odg9thgIO`|`Jess Glynne`|1|`5CLGzJsGqhCEECcpnFQA8x`
`3JhNCzhSMTxs9WLGJJxWOY`|`Macklemore`|2|`5CLGzJsGqhCEECcpnFQA8x`
`2U3FuHYvL3vhkbDAXm24Ep`|`Dan Caplen`|3|`5CLGzJsGqhCEECcpnFQA8x`
`1dWEYMPtNmvSVaDNLgB6NV`|`Saint Motel`|0|`2Iq6HhIquO7JKr0KfTNLzU`
`2qxJFvFYMEDqd7ui6kSAcq`|`Zedd`|0|`2ARqIya5NAuvFVHSN3bL0m`
`6WY7D3jk8zTrHtmkqqo5GI`|`Maren Morris`|1|`2ARqIya5NAuvFVHSN3bL0m`
`4lDBihdpMlOalxy1jkUbPl`|`Grey`|2|`2ARqIya5NAuvFVHSN3bL0m`
`60d24wfXkVzDSfLS6hyCjZ`|`Martin Garrix`|0|`0OlnLZY4cmQzT6ZGttvWBM`
`1Cs0zKBU1kc0i8ypK3B9ai`|`David Guetta`|1|`0OlnLZY4cmQzT6ZGttvWBM`
`29QbBR0oTzA7A0kiOzrbbr`|`Jamie Scott`|2|`0OlnLZY4cmQzT6ZGttvWBM`
`5gWzmnHTLNXz5CjOc0wAuK`|`Romy Dya`|3|`0OlnLZY4cmQzT6ZGttvWBM`
`6MDME20pz9RveH9rEXvrOM`|`Clean Bandit`|0|`2xmrfQpmS2iJExTlklLoAL`
`0ZED1XzwlLHW4ZaG4lOT6m`|`Julia Michaels`|1|`2xmrfQpmS2iJExTlklLoAL`
`14rP13jdQNgQvuPA2AkBgm`|`Glades`|0|`45w70aQhNwke1yrQZO0ffm`
`28ExwzUQsvgJooOI0X1mr3`|`Jay Rock`|0|`51rXHuKN8Loc4sUlKPODgH`
`2YZyLoL8N0Wb9xBt1NhZWg`|`Kendrick Lamar`|1|`51rXHuKN8Loc4sUlKPODgH`
`1RyvyyTE3xzB2ZywiAwp0i`|`Future`|2|`51rXHuKN8Loc4sUlKPODgH`
`53KwLdlmrlCelAZMaLVZqU`|`James Blake`|3|`51rXHuKN8Loc4sUlKPODgH`
`2YZyLoL8N0Wb9xBt1NhZWg`|`Kendrick Lamar`|0|`66kQ7wr4d2LwwSjr7HXcyr`
`7tYKF4w9nC0nq9CsPZTHyP`|`SZA`|1|`66kQ7wr4d2LwwSjr7HXcyr`
`3CjlHNtplJyTf9npxaPl5w`|`CHVRCHES`|0|`5MbeIktglgTouqOHnVunxp`
`1Xyo4u8uXC1ZmMpatF05PJ`|`The Weeknd`|0|`6ZNo7Vi0TE9ul1fhKd4S1M`
`2YZyLoL8N0Wb9xBt1NhZWg`|`Kendrick Lamar`|1|`6ZNo7Vi0TE9ul1fhKd4S1M`
`5he5w2lnU9x7JFhnwcekXX`|`Skrillex`|0|`0mlf3yOGzVnIVxjybDQL3h`
`3QJzdZJYIAcoET1GcfpNGi`|`Damian Marley`|1|`0mlf3yOGzVnIVxjybDQL3h`
`1l2ekx5skC4gJH8djERwh1`|`Don Diablo`|0|`3AzvNvE3xpgelqmE5MRnbI`
`7hOGhpa8RMSuDOWntGIAJt`|`A R I Z O N A`|1|`3AzvNvE3xpgelqmE5MRnbI`
`6WY7D3jk8zTrHtmkqqo5GI`|`Maren Morris`|0|`1LM5zQv5pBKPyO7rm7Uz6U`
`1LOB7jTeEV14pHai6EXSzF`|`Cash Cash`|0|`7nwGvxqSrgAuty1tlPGCFz`
`6jsjhAEteAlY0vCiLvMLBA`|`ROZES`|1|`7nwGvxqSrgAuty1tlPGCFz`
`2o5jDhtHVPhrJdv3cEQ99Z`|`Tiësto`|0|`7pstxLUhvsJC3M4TxHe2aI`
`7KUri7klyLaIFXLcuuOMCd`|`Stargate`|1|`7pstxLUhvsJC3M4TxHe2aI`
`0id62QV2SZZfvBn9xpmuCl`|`Aloe Blacc`|2|`7pstxLUhvsJC3M4TxHe2aI`
`5IcR3N7QB1j6KBL8eImZ8m`|`ScHoolboy Q`|0|`4LmAnpjlhWTahvRkYR8xJa`
`17lzZA2AlOHwCwFALHttmp`|`2 Chainz`|1|`4LmAnpjlhWTahvRkYR8xJa`
`37Qsf5KCKljH7mL134xp4k`|`Saudi`|2|`4LmAnpjlhWTahvRkYR8xJa`
`68kEuyFKyqrdQQLLsmiatm`|`Vince Staples`|0|`7bUcBztfGqO7cSI2gMZeCI`
`3kv1Edgn5HlEWCuEKr1Y9x`|`Yugen Blakrok`|1|`7bUcBztfGqO7cSI2gMZeCI`
`2TImI3DW7o5MdRXJs4D37h`|`SOB X RBE`|0|`2tPcTFiQF9MbVUyjZ3zDhA`
`64KEffDW9EtZ1y2vBYgq8T`|`Marshmello`|0|`08bNPGLD8AhKpnnERrAc6G`
`1zNqDE7qDGCsyzJwohVaoX`|`Anne-Marie`|1|`08bNPGLD8AhKpnnERrAc6G`
`46CitWgnWrvF9t70C2p1Me`|`Daughter`|0|`1vyrrrnb7182SL6iOMor3O`
`28ExwzUQsvgJooOI0X1mr3`|`Jay Rock`|0|`1eLSF6HfrRA0AsNmTkUlKx`
`2YZyLoL8N0Wb9xBt1NhZWg`|`Kendrick Lamar`|1|`1eLSF6HfrRA0AsNmTkUlKx`
`1RyvyyTE3xzB2ZywiAwp0i`|`Future`|2|`1eLSF6HfrRA0AsNmTkUlKx`
`53KwLdlmrlCelAZMaLVZqU`|`James Blake`|3|`1eLSF6HfrRA0AsNmTkUlKx`
`7hAolICGSgXJuM6DUpK5rp`|`Chairlift`|0|`6Jq1ECQ8bKy8favqanidGT`
`7K3zpFXBvPcvzhj7zlGJdO`|`Crystal Castles`|0|`5kCWUfblMC2xdBruW7PeuC`
`37uLId6Z5ZXCx19vuruvv5`|`Hot Chip`|0|`5RrWu7ddslbnrRImeW7LOs`
`55fhWPvDiMpLnE4ZzNXZyW`|`Noah Cyrus`|0|`7LpFbKbjfB2vuKx59Lgtdq`
`0bdfiayQAKewqEvaU6rXCv`|`MØ`|1|`7LpFbKbjfB2vuKx59Lgtdq`
`0bdfiayQAKewqEvaU6rXCv`|`MØ`|0|`5UEvfBx5yQ14HALjI8jk3t`
`11gWrKZMBsGQWmobv3oNfW`|`Alison Wonderland`|0|`1XD8WkOQQhBy17UZkuMmCk`
`4B1CeNsCcLfOvRBJ34UUSX`|`M-Phazes`|1|`1XD8WkOQQhBy17UZkuMmCk`
`1aSwrSGBNGMLn9ymttfRkk`|`Lido`|2|`1XD8WkOQQhBy17UZkuMmCk`
`76M2Ekj8bG8W7X2nbx2CpF`|`NGHTMRE`|0|`3K8pkumra3Ecp2TaZH54eW`
`3Zdx0EBl28UAJ3LUzjeB89`|`PASSEPORT`|1|`3K8pkumra3Ecp2TaZH54eW`
`0bdfiayQAKewqEvaU6rXCv`|`MØ`|0|`29WhvdaUnlpxNIGJbqGOmS`
`0bdfiayQAKewqEvaU6rXCv`|`MØ`|0|`5q5gzmbBS5yQzos2BvVr1t`
`39vA9YljbnOApXKniLWBZv`|`Sylvan Esso`|0|`1edOSqQG1mP9hcrI0EDNhw`
`39vA9YljbnOApXKniLWBZv`|`Sylvan Esso`|0|`1BRwuvjhkgezmv1gcI6lT6`
`64mPnRMMeudAet0E62ypkx`|`Primus`|0|`4kiVGEOrzWmEUCxXU21rtN`
`64mPnRMMeudAet0E62ypkx`|`Primus`|0|`0EMLtepZpcY9T64AVEmyyv`
`6FIrstf3kHEg3zBOyLpvxD`|`Ra Ra Riot`|0|`5ltD2rZ30hNCrUwZthipBV`
`3TNt4aUIxgfy9aoaft5Jj2`|`Yeah Yeah Yeahs`|0|`2idmlkd8oUaQvYEtINpLBX`
`3TaUSUXn41GixL7zbvrIDt`|`A-Trak`|1|`2idmlkd8oUaQvYEtINpLBX`
`2eam0iDomRHGBypaDQLwWI`|`Bleachers`|0|`5L95vS64rG1YMIFm1hLjyZ`
`3MM8mtgFzaEJsqbjZBSsHJ`|`Bloc Party`|0|`2YxXuCdbUpil3P7tRjhW1t`
`3CjlHNtplJyTf9npxaPl5w`|`CHVRCHES`|0|`1pQ7Z3oMyJXnHydstuxL7F`
`27jRNjIvlUcGN7FBRDnqhp`|`Matt Berninger`|1|`1pQ7Z3oMyJXnHydstuxL7F`
`4xRYI6VqpkE3UwrDrAZL8L`|`Logic`|0|`6zOhgKfbMiQWToE6K13s2s`
`64KEffDW9EtZ1y2vBYgq8T`|`Marshmello`|1|`6zOhgKfbMiQWToE6K13s2s`
`7sgWBYtJpblXpJl2lU5WVs`|`Electric Guest`|0|`6KwSdmAba8BxoxVXPw70LO`
`2XoGO4QcRyFI1Df8exDo7Z`|`Devin Di Dakta`|1|`6KwSdmAba8BxoxVXPw70LO`
`3CjlHNtplJyTf9npxaPl5w`|`CHVRCHES`|0|`1dmeXS21t9WV6d3Fm5mxTi`
`7jZycSvTyx0W9poD4PjEIG`|`The Hunna`|0|`28qibzvW2qqNDfAsAS71pL`
`1dfeR4HaWDbWqFHLkxsg1d`|`Queen`|0|`11IzgLRXV7Cgek3tEgGgjw`
`0oSGxfWSnnOXhD2fKuz2Gy`|`David Bowie`|1|`11IzgLRXV7Cgek3tEgGgjw`
`5eAWCfyUhZtHHtBdNk56l1`|`System Of A Down`|0|`0snQkGI5qnAmohLE7jTsTn`
`64KEffDW9EtZ1y2vBYgq8T`|`Marshmello`|0|`2HO0uCyq8jOveEzvmo4JEu`
`0KEExJc1NKwmzJxQHbbkts`|`Leah Culver`|1|`2HO0uCyq8jOveEzvmo4JEu`
`4AA8eXtzqh5ykxtafLaPOi`|`What So Not`|0|`7pauugiB3wwcacuUy8zCXI`
`5he5w2lnU9x7JFhnwcekXX`|`Skrillex`|1|`7pauugiB3wwcacuUy8zCXI`
`3cWOwptrfEuGMJ2cM7ipc3`|`KLP`|2|`7pauugiB3wwcacuUy8zCXI`
`586uxXMyD5ObPuzjtrzO1Q`|`Sofi Tukker`|0|`1YMhVt1sflC3ijwLMVtVtm`
`1nhSLEYdoBHG6cJ8NDwoF1`|`Fickle Friends`|0|`6QcKseIHVR6aerVtRm5kmq`
`3AA28KZvwAUcZuOKwyblJQ`|`Gorillaz`|0|`0d28khcov6AiegSCpG5TuT`
`0C0XlULifJtAgn6ZNCW2eu`|`The Killers`|0|`7oK9VyNzrYvRFo7nQEYkWN`
`1nhSLEYdoBHG6cJ8NDwoF1`|`Fickle Friends`|0|`27W2xRl5A5vUTuj0kX6YmW`
`2e53aHBQdCMKWqHDuyJsjC`|`Free`|0|`7IhkWF9zpiYKlU7CxHxYT9`
`3koiLjNrgRTNbOwViDipeA`|`Marvin Gaye`|0|`1LeWIs2hP2r5yOQnVuYoI5`
`75jNCko3SnEMI5gwGqrbb8`|`Tammi Terrell`|1|`1LeWIs2hP2r5yOQnVuYoI5`
`2iE18Oxc8YSumAU232n4rW`|`The Jackson 5`|0|`2OSfEYKhlSsLx6vn4O75RK`
`3CjlHNtplJyTf9npxaPl5w`|`CHVRCHES`|0|`3PvzvltQZLIKk9YgoMP3Yq`
`3CjlHNtplJyTf9npxaPl5w`|`CHVRCHES`|0|`35yJgLFoyT39UGJhyeNhzb`
`6Rx1JKzBrSzoKQtmbVmBnM`|`Hayley Williams`|1|`35yJgLFoyT39UGJhyeNhzb`
`3CjlHNtplJyTf9npxaPl5w`|`CHVRCHES`|0|`3pQInbIkxJ6kxh0eAyUoyx`
`74XFHRwlV6OrjEM0A2NCMF`|`Paramore`|0|`04BSvYghzdxjSJNpee36er`
`3OpqU68JpZlzvjAJj3B2Da`|`Alestorm`|0|`1FxJySMe1BLNZYHShMemEo`
`4EnEZVjo3w1cwcQYePccay`|`N.W.A.`|0|`1i0kVfX5LdEdo52St39QM0`
`3Uobr6LgQpBbk6k4QGAb3V`|`I Prevail`|0|`076jgZgkx4YiJ4q0dN3Xsl`
`34EP7KEpOjXcM2TCat1ISk`|`Wu-Tang Clan`|0|`2tNmhDlMbwQZLxQtWMt2EU`
`6WY7D3jk8zTrHtmkqqo5GI`|`Maren Morris`|0|`09iyGiljLWRYXdRazFkdtJ`
`6WY7D3jk8zTrHtmkqqo5GI`|`Maren Morris`|0|`41e2LhE1nFYh41vIteVA5u`
`4V8Sr092TqfHkfAA5fXXqG`|`Luis Fonsi`|0|`6rPO02ozF3bM7NnOV4h6s2`
`4VMYDCV2IEDYJArk749S6m`|`Daddy Yankee`|1|`6rPO02ozF3bM7NnOV4h6s2`
`1uNFoZAHBGtllmzznpCI3s`|`Justin Bieber`|2|`6rPO02ozF3bM7NnOV4h6s2`
`1tqhsYv8yBBdwANFNzHtcr`|`Lil Dicky`|0|`10Igtw8bSDyyFs7KIsKngZ`
`7bXgB6jMjp9ATFy66eO08Z`|`Chris Brown`|1|`10Igtw8bSDyyFs7KIsKngZ`
`2J0JN7EFN10G1Tty6hX0AN`|`DJ ESCO`|0|`4VmcVEuTlYnWcc6QksaLyw`
`1RyvyyTE3xzB2ZywiAwp0i`|`Future`|1|`4VmcVEuTlYnWcc6QksaLyw`
`1pPmIToKXyGdsCF6LmqLmI`|`Rich The Kid`|2|`4VmcVEuTlYnWcc6QksaLyw`
`50co4Is1HCEo8bhOyUWKpn`|`Young Thug`|3|`4VmcVEuTlYnWcc6QksaLyw`
`13ubrt8QOOCPljQ2FL1Kca`|`A$AP Rocky`|0|`3ZYwSDF9knZI0RVlKR4PHC`
`4TEJudQY2pXxVHPE3gD2EU`|`BlocBoy JB`|1|`3ZYwSDF9knZI0RVlKR4PHC`
`4TEJudQY2pXxVHPE3gD2EU`|`BlocBoy JB`|0|`4qKcDkK6siZ7Jp1Jb4m0aL`
`3TVXtAsR1Inumwj472S9r4`|`Drake`|1|`4qKcDkK6siZ7Jp1Jb4m0aL`
`5wPoxI5si3eJsYYwyXV4Wi`|`N.E.R.D`|0|`739vCwA3EpBSkk3uDsI2wB`
`5pKCCKE2ajJHZ9KAiaK11H`|`Rihanna`|1|`739vCwA3EpBSkk3uDsI2wB`
`3TVXtAsR1Inumwj472S9r4`|`Drake`|2|`739vCwA3EpBSkk3uDsI2wB`
`0FOWNUFHPnMy0vOw1siGqi`|`Belly`|0|`5tpEGhK123kgPf7pWWE9g6`
`0A0FS04o6zMoto8OKPsDwY`|`YG`|1|`5tpEGhK123kgPf7pWWE9g6`
`5wPoxI5si3eJsYYwyXV4Wi`|`N.E.R.D`|0|`6epMDLTE0OtSEZeLziJyQm`
`1RyvyyTE3xzB2ZywiAwp0i`|`Future`|1|`6epMDLTE0OtSEZeLziJyQm`
`2RdwBSPQiwcmiDo9kixcl8`|`Pharrell Williams`|2|`6epMDLTE0OtSEZeLziJyQm`
`6DPYiyq5kWVQS4RGwxzPC7`|`Dr. Dre`|0|`503OTo2dSqe7qk76rgsbep`
`7hJcb9fa4alzcOq3EaNPoG`|`Snoop Dogg`|1|`503OTo2dSqe7qk76rgsbep`
`1zNqQNIdeOUZHb8zbZRFMX`|`Swae Lee`|0|`07VJGBnywGutMZ72kRyEop`
`7iZtZyCzp3LItcw1wtPI3D`|`Rae Sremmurd`|1|`07VJGBnywGutMZ72kRyEop`
`5wPoxI5si3eJsYYwyXV4Wi`|`N.E.R.D`|0|`3e7KcqiZN4wSrpoHUeYXjY`
`13y7CgLHjMVRMDqxdx0Xdo`|`Gucci Mane`|1|`3e7KcqiZN4wSrpoHUeYXjY`
`67nwj3Y5sZQLl72VNUHEYE`|`Wale`|2|`3e7KcqiZN4wSrpoHUeYXjY`
`5wPoxI5si3eJsYYwyXV4Wi`|`N.E.R.D`|0|`2svutFGaCycRmYc1mWbfQh`
`2YZyLoL8N0Wb9xBt1NhZWg`|`Kendrick Lamar`|1|`2svutFGaCycRmYc1mWbfQh`
`2RdwBSPQiwcmiDo9kixcl8`|`Pharrell Williams`|2|`2svutFGaCycRmYc1mWbfQh`
`5wPoxI5si3eJsYYwyXV4Wi`|`N.E.R.D`|0|`5hIg7J1i50XLG7bPKQM6O5`
`74V3dE1a51skRkdII8y2C6`|`André 3000`|1|`5hIg7J1i50XLG7bPKQM6O5`
`2RdwBSPQiwcmiDo9kixcl8`|`Pharrell Williams`|2|`5hIg7J1i50XLG7bPKQM6O5`
`5wPoxI5si3eJsYYwyXV4Wi`|`N.E.R.D`|0|`65UcBkHqJoIk33vfxqUzvm`
`2YZyLoL8N0Wb9xBt1NhZWg`|`Kendrick Lamar`|1|`65UcBkHqJoIk33vfxqUzvm`
`0QJIPDAEDILuo8AIq3pMuU`|`M.I.A.`|2|`65UcBkHqJoIk33vfxqUzvm`
`5wPoxI5si3eJsYYwyXV4Wi`|`N.E.R.D`|0|`7xEmhWUYNz8m2Ctusg1chK`
`2RdwBSPQiwcmiDo9kixcl8`|`Pharrell Williams`|1|`7xEmhWUYNz8m2Ctusg1chK`
`41qil2VaGbD194gaEcmmyx`|`Will Smith`|0|`59xpdlaIK1l5hiYP1KsBxK`
`4cynDosMoBQcVD9UKLq8eX`|`K-Ci`|1|`59xpdlaIK1l5hiYP1KsBxK`
`053q0ukIDRgzwTr4vNSwab`|`Grimes`|0|`4ZcGbQ5dOKX6rJk4yvza9R`
`586uxXMyD5ObPuzjtrzO1Q`|`Sofi Tukker`|0|`4hQgwqC6l210S9DgcEueM9`
`71le7jtjw9hq389Fnvi6XM`|`Soleima`|0|`4iwOYAVxF7vOsAVuqowJ2A`
`4kYSro6naA4h99UJvo89HB`|`Cardi B`|0|`2qcG0nZ6S3zZV0UrkY5nFo`
`6oMuImdp5ZcFhWP0ESe6mG`|`Migos`|1|`2qcG0nZ6S3zZV0UrkY5nFo`
`4kYSro6naA4h99UJvo89HB`|`Cardi B`|0|`17Yq72h0p15OhCbZ5lJ5gd`
`4kYSro6naA4h99UJvo89HB`|`Cardi B`|0|`6KBYefIoo7KydImq1uUQlL`
`4kYSro6naA4h99UJvo89HB`|`Cardi B`|0|`2Yl4OmDby9iitgNWZPwxkd`
`4kYSro6naA4h99UJvo89HB`|`Cardi B`|0|`58q2HKrzhC3ozto2nDdN4z`
`4q3ewBCX7sLwd24euuV69X`|`Bad Bunny`|1|`58q2HKrzhC3ozto2nDdN4z`
`1vyhD5VmyZ7KMfW5gqLgo5`|`J Balvin`|2|`58q2HKrzhC3ozto2nDdN4z`
`4kYSro6naA4h99UJvo89HB`|`Cardi B`|0|`0CfmNX2TXk7yoJqHJiixnp`
`0A0FS04o6zMoto8OKPsDwY`|`YG`|1|`0CfmNX2TXk7yoJqHJiixnp`
`55tif8708yyDQlSjh3Trdu`|`Ben Folds`|0|`2M0108blVuzD6a2ZZlzKV6`
`02kJSzxNuaWGqwubyUba0Z`|`G-Eazy`|0|`5k38wzpLb15YgncyWdTZE4`
`26VFTg2z8YR0cCuwLzESi2`|`Halsey`|1|`5k38wzpLb15YgncyWdTZE4`
`26VFTg2z8YR0cCuwLzESi2`|`Halsey`|0|`7y9iMe8SOB6z3NoHE2OfXl`
`26VFTg2z8YR0cCuwLzESi2`|`Halsey`|0|`3tbNT2X5tfMIVeUflYbZUZ`
`0c173mlxpT3dSFRgMO8XPh`|`Big Sean`|1|`3tbNT2X5tfMIVeUflYbZUZ`
`2ExGrw6XpbtUAJHTLtUXUD`|`Stefflon Don`|2|`3tbNT2X5tfMIVeUflYbZUZ`
`7CajNmpbOovFoOoasH2HaY`|`Calvin Harris`|0|`7ef4DlsgrMEH11cDZd32M6`
`6M2wZ9GZgrQXHCFfjv46we`|`Dua Lipa`|1|`7ef4DlsgrMEH11cDZd32M6`
`053q0ukIDRgzwTr4vNSwab`|`Grimes`|0|`17eu2pSgSUpIG1GFWBnODv`
`73sIBHcqh3Z3NyqHKZ7FOL`|`Childish Gambino`|0|`3HooZZPp0evFShqaJ2Pwer`
`02kJSzxNuaWGqwubyUba0Z`|`G-Eazy`|0|`794QVQtFNy7hvtjQP1keQd`
`6Ha4aES39QiVjR0L2lwuwq`|`Yo Gotti`|1|`794QVQtFNy7hvtjQP1keQd`
`3gGUMEwIX6XodWsYEvKSal`|`YBN Nahmir`|2|`794QVQtFNy7hvtjQP1keQd`
`3CjlHNtplJyTf9npxaPl5w`|`CHVRCHES`|0|`6vgqv2UHRvXopkV9RbG7Wq`
`4Ui2kfOqGujY81UcPrb5KE`|`HAIM`|0|`1XCpzvtHjANEBhS9a4xqQ2`
`1hCkSJcXREhrodeIHQdav8`|`Ramin Djawadi`|0|`7IWI0v04q8PXZI7ff8jJJq`
`4xnMDfgEmXZEEDdITKcGuE`|`Audien`|0|`0dzKKW6FzIT7C38BdQBbgw`
`1bqxdqvUtPWZri43cKHac8`|`MAX`|1|`0dzKKW6FzIT7C38BdQBbgw`
`6MERXsiRbur2oJZFgYRDKz`|`Vitamin String Quartet`|0|`1G81FwrRLEk0c6g7JM77Da`
`1gR0gsQYfi6joyO1dlp76N`|`Justice`|0|`33yAEqzKXexYM3WlOYtTfQ`
`1vCWHaC5f2uS3yhpwWbIA6`|`Avicii`|0|`75NhhYjHO43mvZgYtnXgti`
`5CCwRZC6euC8Odo6y9X8jr`|`Rita Ora`|1|`75NhhYjHO43mvZgYtnXgti`
`1vCWHaC5f2uS3yhpwWbIA6`|`Avicii`|0|`4h8VwCb1MTGoLKueQ1WgbD`
`1vCWHaC5f2uS3yhpwWbIA6`|`Avicii`|0|`2P4OICZRVAQcYAV2JReRfj`
`1vCWHaC5f2uS3yhpwWbIA6`|`Avicii`|0|`5QjJgPU8AJeickx34f7on6`
`1vCWHaC5f2uS3yhpwWbIA6`|`Avicii`|0|`4RXpgGM7A4Hg7cFBoH5KyF`
`1vCWHaC5f2uS3yhpwWbIA6`|`Avicii`|0|`0ct6r3EGTcMLPtrXHDvVjc`
`1vCWHaC5f2uS3yhpwWbIA6`|`Avicii`|0|`35j3CjgBRoqLp8LsAKsQF4`
`1vCWHaC5f2uS3yhpwWbIA6`|`Avicii`|0|`5HRV0yHL9ioy0FvEXbI8Xu`
`5he5w2lnU9x7JFhnwcekXX`|`Skrillex`|1|`5HRV0yHL9ioy0FvEXbI8Xu`
`1vCWHaC5f2uS3yhpwWbIA6`|`Avicii`|0|`591nHHHzZl1NLt9PMKpinM`
`5ChF3i92IPZHduM7jN3dpg`|`Nicky Romero`|1|`591nHHHzZl1NLt9PMKpinM`
`1vCWHaC5f2uS3yhpwWbIA6`|`Avicii`|0|`06h3McKzmxS8Bx58USHiMq`
`1vCWHaC5f2uS3yhpwWbIA6`|`Avicii`|0|`5jArdzGcWlv1EVkwjRjtqy`
`1I2Ym2gEyEg4e81eul5aKa`|`Cazzette`|1|`5jArdzGcWlv1EVkwjRjtqy`
`0F0otkpvDmCa1E0ePmHmi9`|`Sebastian Furrer`|2|`5jArdzGcWlv1EVkwjRjtqy`
`1AHRo5akwp7Olm5IeKzzJJ`|`Alexander Björklund`|3|`5jArdzGcWlv1EVkwjRjtqy`
`1vCWHaC5f2uS3yhpwWbIA6`|`Avicii`|0|`4AMDVGnxiXauYQxeT6Cdwv`
`1vCWHaC5f2uS3yhpwWbIA6`|`Avicii`|0|`5iKOpf0SZDSGkJRhkwgSrl`
`1vCWHaC5f2uS3yhpwWbIA6`|`Avicii`|0|`5PeguKYcJWWscfrAk3dxId`
`1vCWHaC5f2uS3yhpwWbIA6`|`Avicii`|0|`2BVVmJQZv4fOPWavI9mkIj`
`1vCWHaC5f2uS3yhpwWbIA6`|`Avicii`|0|`0xIVvRmjztR1AwuHrkhH41`
`1vCWHaC5f2uS3yhpwWbIA6`|`Avicii`|0|`3c3XJ9P1BjOtmNXKvdVyHK`
`1vCWHaC5f2uS3yhpwWbIA6`|`Avicii`|0|`5wl32jJoBEyWUaDOtJVoMo`
`2fVW2ix4ANKiofDZIsy1XR`|`Vargas & Lagola`|1|`5wl32jJoBEyWUaDOtJVoMo`
`1vCWHaC5f2uS3yhpwWbIA6`|`Avicii`|0|`7oDjaRDdf9zNQ8N3yRjQwF`
`1G9G7WwrXka3Z1r7aIDjI7`|`OutKast`|0|`6glsMWIMIxQ4BedzLqGVi4`
`4TrraAsitQKl821DQY42cZ`|`Sigrid`|0|`1Lz8M0HL8IPugvYoTjJjfE`
`4TrraAsitQKl821DQY42cZ`|`Sigrid`|0|`0ZuflY2Ocv8eQpcxi7Hoat`
`4TrraAsitQKl821DQY42cZ`|`Sigrid`|0|`7yNSKfs3tjnh44of1FIF5k`
`6ueGR6SWhUJfvEhqkvMsVs`|`Janelle Monáe`|0|`09cbVzEkJN4tMVg3GnolJF`
`1vCWHaC5f2uS3yhpwWbIA6`|`Avicii`|0|`5Iy2Jj87Ha0C0IBlNE1I4y`
`7hJcb9fa4alzcOq3EaNPoG`|`Snoop Dogg`|0|`5HQVUIKwCEXpe7JIHyY734`
`137W8MRPWKqSmrBGDBFSop`|`Wiz Khalifa`|1|`5HQVUIKwCEXpe7JIHyY734`
`0du5cEVh5yTK9QJze8zA0C`|`Bruno Mars`|2|`5HQVUIKwCEXpe7JIHyY734`
`07YZf4WDAMNwqr4jfgOZ8y`|`Jason Derulo`|0|`2zJZwWF7BTGIIvrAlgzJEx`
`0ZED1XzwlLHW4ZaG4lOT6m`|`Julia Michaels`|0|`2OvV4NjEBRE9v8Oo7QeUCq`
`6Xgp2XMz1fhVYe7i6yNAax`|`Trippie Redd`|1|`2OvV4NjEBRE9v8Oo7QeUCq`
`73sIBHcqh3Z3NyqHKZ7FOL`|`Childish Gambino`|0|`0b9oOr2ZgvyQu88wzixux9`
`4V8LLVI7PbaPR0K2TGSxFF`|`Tyler, The Creator`|0|`74ZovzRxHBvCq5yIwe8boh`
`0PFtn5NtBbbUNbU9EAmIWF`|`TOTO`|0|`2374M0fQpWi3dLnB54qaLX`
`698hF4vcwHwPy8ltmXermq`|`Far East Movement`|0|`4DvhkX2ic4zWkQeWMwQ2qf`
`7C64wNX3howEFZjAYRKsfP`|`The Cataracs`|1|`4DvhkX2ic4zWkQeWMwQ2qf`
`7Ip2u3e5Nv6fFb5xyIHxEE`|`DEV`|2|`4DvhkX2ic4zWkQeWMwQ2qf`
`5CCwRZC6euC8Odo6y9X8jr`|`Rita Ora`|0|`1YNQscOx6OqBQjxgJVhEeW`
`64M6ah0SkkRsnPGtGiRAbb`|`Bebe Rexha`|1|`1YNQscOx6OqBQjxgJVhEeW`
`25uiPmTg16RbhZWAqwLBy5`|`Charli XCX`|2|`1YNQscOx6OqBQjxgJVhEeW`
`4kYSro6naA4h99UJvo89HB`|`Cardi B`|3|`1YNQscOx6OqBQjxgJVhEeW`
`1hCkSJcXREhrodeIHQdav8`|`Ramin Djawadi`|0|`4FKOyud1dKcDMa1nEYygaj`
`66CXWjxzNUsdJxJ2JdwvnR`|`Ariana Grande`|0|`5SxkdsY1ufZzoq9iXceLw9`
`246dkjvS1zLTtiykXe5h60`|`Post Malone`|0|`7dt6x5M1jzdTEt8oCbisTK`
`0C8ZW7ezQVs4URX5aX7Kqx`|`Selena Gomez`|0|`4hQ6UGyWQIGJmHSo0J88JW`
`1zNqDE7qDGCsyzJwohVaoX`|`Anne-Marie`|0|`4Pbg79cTBu4vgSphoyNq3j`
`6wKxOKEA3K6R2UZ3COLXEY`|`Elohim`|0|`5ifX5aMUoHUIMIgotaefNq`
`6wKxOKEA3K6R2UZ3COLXEY`|`Elohim`|0|`7C9LL3VLYFjwvBpqTGz3PC`
`66CXWjxzNUsdJxJ2JdwvnR`|`Ariana Grande`|0|`2meEiZKWkiN28gITzFwQo5`
`66CXWjxzNUsdJxJ2JdwvnR`|`Ariana Grande`|0|`12KUFSHFgT0XCoiSlvdQi4`
`2qxJFvFYMEDqd7ui6kSAcq`|`Zedd`|1|`12KUFSHFgT0XCoiSlvdQi4`
`66CXWjxzNUsdJxJ2JdwvnR`|`Ariana Grande`|0|`2tpIAmAq9orm1Owh5pja1w`
`70kkdajctXSbqSMJbQO424`|`Kacey Musgraves`|0|`2U2Z1IXnmJIvlknWizFykZ`
`5K4W6rqBFWDnAN6FQUkS6x`|`Kanye West`|0|`0jOL63hLMeSCHTXPdFkniq`
`0ONHkAv9pCAFxb0zJwDNTy`|`Pusha T`|1|`0jOL63hLMeSCHTXPdFkniq`
`4yvcSjfu4PC0CYQyLy4wSq`|`Glass Animals`|0|`0rRjGruFonCGOt0S5zAJNQ`
`4yvcSjfu4PC0CYQyLy4wSq`|`Glass Animals`|0|`0WYqT1IvPzmKNNzR8mgIQs`
`4yvcSjfu4PC0CYQyLy4wSq`|`Glass Animals`|0|`32zkKx35Et6A515oZKxDkD`
`6MDME20pz9RveH9rEXvrOM`|`Clean Bandit`|0|`6kPJZM97LwdG9QIsT7khp6`
`6S2OmqARrzebs0tKUEyXyp`|`Demi Lovato`|1|`6kPJZM97LwdG9QIsT7khp6`
`4ScCswdRlyA23odg9thgIO`|`Jess Glynne`|0|`083Qf6hn6sFL6xiOHlZUyn`
`23fqKkggKUBHNkbKtXEls4`|`Kygo`|0|`5sIx4BlfYGuZeSLF40N9GH`
`360IAlyVv4PCEVjgyMZrxK`|`Miguel`|1|`5sIx4BlfYGuZeSLF40N9GH`
`5WUlDfRSoLAfcVSX1WnrxN`|`Sia`|0|`73F87Sqh6jQWucOOvz1WFx`
`5fMUXHkw8R8eOP2RNVYEZX`|`Diplo`|1|`73F87Sqh6jQWucOOvz1WFx`
`2feDdbD5araYcm6JhFHHw7`|`Labrinth`|2|`73F87Sqh6jQWucOOvz1WFx`
`6IZ4ctovY9dl7bgHClAvKJ`|`LSD`|3|`73F87Sqh6jQWucOOvz1WFx`
`64KEffDW9EtZ1y2vBYgq8T`|`Marshmello`|0|`3ZbJMlEL4Kcme0ONRO7Slx`
`5gCRApTajqwbnHHPbr2Fpi`|`Juicy J`|1|`3ZbJMlEL4Kcme0ONRO7Slx`
`4IWBUUAFIplrNtaOHcJPRM`|`James Arthur`|2|`3ZbJMlEL4Kcme0ONRO7Slx`
`6VuMaDnrHyPL1p4EHjYLi7`|`Charlie Puth`|0|`76S09sHj7GGMJAtOLjmVQ2`
`0cGUm45nv7Z6M6qdXYQGTX`|`Kehlani`|1|`76S09sHj7GGMJAtOLjmVQ2`
`70kkdajctXSbqSMJbQO424`|`Kacey Musgraves`|0|`30VHURM5NOfoZmqp2iKawS`
`4yvcSjfu4PC0CYQyLy4wSq`|`Glass Animals`|0|`3HVRywtkhSjhpmkaeaYTgh`
`3CjlHNtplJyTf9npxaPl5w`|`CHVRCHES`|0|`2zpdPPsPJYGQ9VYRVJXfv9`
`6M2wZ9GZgrQXHCFfjv46we`|`Dua Lipa`|0|`76cy1WJvNGJTj78UqeA5zr`
`6M2wZ9GZgrQXHCFfjv46we`|`Dua Lipa`|0|`2ekn2ttSfGqwhhate0LSR0`
`22bE4uQ6baNwSHPVcDxLCe`|`The Rolling Stones`|0|`63T7DJ1AFDD6Bn8VzG6JE8`
`5pKCCKE2ajJHZ9KAiaK11H`|`Rihanna`|0|`5XzmZjXhMjDHr7ZfJ6DELQ`
`5K4W6rqBFWDnAN6FQUkS6x`|`Kanye West`|1|`5XzmZjXhMjDHr7ZfJ6DELQ`
`4STHEaNw4mPZ2tzheohgXB`|`Paul McCartney`|2|`5XzmZjXhMjDHr7ZfJ6DELQ`
`5K4W6rqBFWDnAN6FQUkS6x`|`Kanye West`|0|`4qikXelSRKvoCqFcHLB2H2`
`0c173mlxpT3dSFRgMO8XPh`|`Big Sean`|1|`4qikXelSRKvoCqFcHLB2H2`
`0ONHkAv9pCAFxb0zJwDNTy`|`Pusha T`|2|`4qikXelSRKvoCqFcHLB2H2`
`17lzZA2AlOHwCwFALHttmp`|`2 Chainz`|3|`4qikXelSRKvoCqFcHLB2H2`
`60d24wfXkVzDSfLS6hyCjZ`|`Martin Garrix`|0|`3ebXMykcMXOcLeJ9xZ17XH`
`6M2wZ9GZgrQXHCFfjv46we`|`Dua Lipa`|1|`3ebXMykcMXOcLeJ9xZ17XH`
`6M2wZ9GZgrQXHCFfjv46we`|`Dua Lipa`|0|`2eAAEa8pxKF7My0EO4rFgR`
`6M2wZ9GZgrQXHCFfjv46we`|`Dua Lipa`|0|`5E5MqaS6eOsbaJibl3YeMZ`
`6jlWj6y00bMQt8XoKuCjyZ`|`Emily King`|0|`6yOWi9dln1Q3Ba5YuQPGjZ`
`3CjlHNtplJyTf9npxaPl5w`|`CHVRCHES`|0|`75MQCoe4BTMUWButDcI3g0`
`3CjlHNtplJyTf9npxaPl5w`|`CHVRCHES`|0|`2JMghxSUEV5vGbgLzqNHNk`
`3CjlHNtplJyTf9npxaPl5w`|`CHVRCHES`|0|`0Ni8xzB32O8MemsKcPHWBh`
`3CjlHNtplJyTf9npxaPl5w`|`CHVRCHES`|0|`3gcDO5tOTybSstaGSAMIgV`
`6M2wZ9GZgrQXHCFfjv46we`|`Dua Lipa`|0|`004MiktqrlEPng9SDw4N9d`
`3TVXtAsR1Inumwj472S9r4`|`Drake`|0|`1cTZMwcBJT0Ka3UJPXOeeN`
`08GQAI4eElDnROBrJRGE0X`|`Fleetwood Mac`|0|`6i8ecOsx4J2Px1maiqzqoG`
`1l7ZsJRRS8wlW3WfJfPfNS`|`Christina Aguilera`|0|`6iacLDB05P5i7uC1pSY7Wz`
`5XenQ7XfcvQdfIbpLEFaKQ`|`GoldLink`|1|`6iacLDB05P5i7uC1pSY7Wz`
`13ubrt8QOOCPljQ2FL1Kca`|`A$AP Rocky`|0|`7ycWLEP1GsNjVvcjawXz3z`
`2p1fiYHYiXz9qi0JJyxBzN`|`Skepta`|1|`7ycWLEP1GsNjVvcjawXz3z`
`0hYxQe3AK5jBPCr5MumLHD`|`Sugarland`|0|`7FFfYM4JE1vj5n4rhHxg8q`
`06HL4z0CvFAxyc27GXpf02`|`Taylor Swift`|1|`7FFfYM4JE1vj5n4rhHxg8q`
`5KWOCu1saEHAhPiLKlOLIy`|`Leo`|0|`5kt89qNlEYGWx7QiMijs9L`
`2hPgGN4uhvXAxiXQBIXOmE`|`KIDS SEE GHOSTS`|0|`6JyEh4kl9DLwmSAoNDRn5b`
`52lBOxCxbJg0ttXEW9CQpW`|`Louis Prima`|1|`6JyEh4kl9DLwmSAoNDRn5b`
`5K4W6rqBFWDnAN6FQUkS6x`|`Kanye West`|0|`3qnoOm4fwZPBS116f5hpgF`
`0hCNtLu0JehylgoiP8L4Gh`|`Nicki Minaj`|0|`1ZEm9cJC05rawV2tptNfTS`
`66CXWjxzNUsdJxJ2JdwvnR`|`Ariana Grande`|1|`1ZEm9cJC05rawV2tptNfTS`
`2wUjUUtkb5lvLKcGKsKqsR`|`Alessia Cara`|0|`003eoIwxETJujVWmNFMoZy`
`1l7ZsJRRS8wlW3WfJfPfNS`|`Christina Aguilera`|0|`29zBeRiLVnkDEj7tvmLVOU`
`6S2OmqARrzebs0tKUEyXyp`|`Demi Lovato`|1|`29zBeRiLVnkDEj7tvmLVOU`
`1l7ZsJRRS8wlW3WfJfPfNS`|`Christina Aguilera`|0|`10EdIGnkizaN7v1uYljTd7`
`60W5voThnCKW5p1iH3KjQZ`|`Keida`|1|`10EdIGnkizaN7v1uYljTd7`
`1OFOShsIbhy1l5x73yuVyB`|`Shenseea`|2|`10EdIGnkizaN7v1uYljTd7`
`6M2wZ9GZgrQXHCFfjv46we`|`Dua Lipa`|0|`2ygfHXyt3gvyhvKrNJU61n`
`0YQmcNgfnoqxBMJ8dcw3Eh`|`Initial Talk`|1|`2ygfHXyt3gvyhvKrNJU61n`
`41MozSoPIsD1dJM0CLPjZF`|`BLACKPINK`|0|`7b8YOVV5quZcSKEijDgyWB`
`3CjlHNtplJyTf9npxaPl5w`|`CHVRCHES`|0|`2u5hIEYkD7sGXh7vgOxf73`
`4MSMDY0ClgWqXApU53I1L1`|`Matt and Kim`|0|`57i3M29DWoo7RDk0Tf0LZG`
`6DVipHzYsPlIoA0DW8Gmns`|`Royce Da 5'9"`|0|`70lVHIHJE2tUXH7FxNOz3z`
`7dGJo4pcD2V6oG8kP0tJRR`|`Eminem`|1|`70lVHIHJE2tUXH7FxNOz3z`
`3jivTPQnC8Vupqc3EFO33c`|`King Green`|2|`70lVHIHJE2tUXH7FxNOz3z`
`64M6ah0SkkRsnPGtGiRAbb`|`Bebe Rexha`|0|`7IOxauZfx5l18mYfX0GZm6`
`64M6ah0SkkRsnPGtGiRAbb`|`Bebe Rexha`|0|`4e4fqjx0Izh4svvTef1z7e`
`3b8QkneNDz4JHKKKlLgYZg`|`Florida Georgia Line`|1|`4e4fqjx0Izh4svvTef1z7e`
`60d24wfXkVzDSfLS6hyCjZ`|`Martin Garrix`|0|`3nc420PXjTdBV5TN0gCFkS`
`6LuN9FCkKOj5PcnpouEgny`|`Khalid`|1|`3nc420PXjTdBV5TN0gCFkS`
`41qil2VaGbD194gaEcmmyx`|`Will Smith`|0|`78ZzF9pK3foniEnK64XzX5`
`1255GTUKNCLCTvH9ctD4cT`|`Dru Hill`|1|`78ZzF9pK3foniEnK64XzX5`
`2RE8NwNxsOyuNZDD0jRxHP`|`Kool Moe Dee`|2|`78ZzF9pK3foniEnK64XzX5`
`68EB3QvNdVLkC7SAgDbHIR`|`Marianas Trench`|0|`48MldorMkokOk5r93O8yjG`
`2hPgGN4uhvXAxiXQBIXOmE`|`KIDS SEE GHOSTS`|0|`2I3dW2dCBZAJGj5X21E53k`
`6r2niOTnexy9xss5g8GWXH`|`Yasiin Bey`|1|`2I3dW2dCBZAJGj5X21E53k`
`64M6ah0SkkRsnPGtGiRAbb`|`Bebe Rexha`|0|`2dMUJy0El3BcQUy9gP9gt0`
`0VRj0yCOv2FXJNP47XQnx5`|`Quavo`|1|`2dMUJy0El3BcQUy9gP9gt0`
`64M6ah0SkkRsnPGtGiRAbb`|`Bebe Rexha`|0|`2jB9QaPJyVdz2Q0Va8rrnU`
`64M6ah0SkkRsnPGtGiRAbb`|`Bebe Rexha`|0|`14FmT2vkYihAs64ixAbk6t`
`4uethVhVpoyO3OhT40JH1o`|`machineheart`|0|`72DfRjxf5vWcUcxenDNM6X`
`6IRouO5mvvfcyxtPDKMYFN`|`Foreigner`|0|`1JLn8RhQzHz3qDqsChcmBl`
`7MqnCTCAX6SsIYYdJCQj9B`|`Pendulum`|0|`24hYr62Cz2iA3OOef8mykI`
`5he5w2lnU9x7JFhnwcekXX`|`Skrillex`|1|`24hYr62Cz2iA3OOef8mykI`
`2DuJi13MWHjRHrqRUwk8vH`|`Knife Party`|0|`5qFL2uwfnGU8FccwLMgPNQ`
`6Q192DXotxtaysaqNPy5yR`|`Amy Winehouse`|0|`30FURVTCpbKyykjSEQzGkH`
`73sIBHcqh3Z3NyqHKZ7FOL`|`Childish Gambino`|0|`4j3GWI86JvSaF0BLdmgcfF`
`73sIBHcqh3Z3NyqHKZ7FOL`|`Childish Gambino`|0|`7p4vHnYXkxlzvfePJVpcTr`
`0bdfiayQAKewqEvaU6rXCv`|`MØ`|0|`5vsRm2aCBl5T2qdpvwtrf6`
`5fMUXHkw8R8eOP2RNVYEZX`|`Diplo`|1|`5vsRm2aCBl5T2qdpvwtrf6`
`25Maank76ry2Tmbi2Ql1SF`|`The Interrupters`|0|`2qKwTR3n4kBv0Gr0DAd0Zg`
`2mV8aJphiSHYJf43DxL7Gt`|`Chromeo`|0|`3R5FA1Ay1NxgtwbElR78by`
`2xiIXseIJcq3nG7C8fHeBj`|`Three Days Grace`|0|`6rUp7v3l8yC4TKxAAR5Bmx`
`64tT0KKbU4AFWkO6v1VvXv`|`Bleeker`|0|`421On515lAdhfA5B0h6yPR`
`2S5hlvw4CMtMGswFtfdK15`|`Royal Blood`|0|`5I69y4P1gq3WA2B5AHVicr`
`6CwfuxIqcltXDGjfZsMd9A`|`MARINA`|0|`5tFMuAw6X2R4NLx97g7n9q`
`2qxJFvFYMEDqd7ui6kSAcq`|`Zedd`|0|`4keoy2fqgwGnbWlm3ZVZFa`
`67MNhiAICFY6Pwc2YxCO0K`|`Elley Duhé`|1|`4keoy2fqgwGnbWlm3ZVZFa`
`6qqNVTkY8uBg9cP3Jd7DAH`|`Billie Eilish`|0|`6vsV4D8BM6PioRr1UOx0n2`
`4obzFoKoKRHIphyHzJ35G3`|`Becky G`|0|`3clw56k8jqFaXnwdejV4Yo`
`6vXTefBL93Dj5IqAWq6OTv`|`French Montana`|1|`3clw56k8jqFaXnwdejV4Yo`
`329e4yvIujISKGKz1BZZbO`|`Farruko`|2|`3clw56k8jqFaXnwdejV4Yo`
`70kkdajctXSbqSMJbQO424`|`Kacey Musgraves`|0|`5F5lmpwXkxAJtvZqEguTRo`
`70kkdajctXSbqSMJbQO424`|`Kacey Musgraves`|0|`38UCGIpo273uGgdBXbi992`
`5r1bdqzhgRoHC3YcCV6N5a`|`The Darkness`|0|`756CJtQRFSxEx9jV4P9hpA`
`2o5jDhtHVPhrJdv3cEQ99Z`|`Tiësto`|0|`4kWO6O1BUXcZmaxitpVUwp`
`5vQfv3s2Z2SRdPZKr82ABw`|`Dzeko`|1|`4kWO6O1BUXcZmaxitpVUwp`
`0bdJZl7TDeiymDYzMJnVh2`|`Preme`|2|`4kWO6O1BUXcZmaxitpVUwp`
`246dkjvS1zLTtiykXe5h60`|`Post Malone`|3|`4kWO6O1BUXcZmaxitpVUwp`
`3v6Ji4uoWtKRkhuDUaxi9n`|`Dynoro`|0|`0E9ZjEAyAwOXZ7wJC0PD33`
`1OAjDaKgg00KCUYqDe68un`|`Gigi D'Agostino`|1|`0E9ZjEAyAwOXZ7wJC0PD33`
`3iOvXCl6edW5Um0fXEBRXy`|`The xx`|0|`1nmCmB3qdXrzxFhvLJuhuB`
`6M2wZ9GZgrQXHCFfjv46we`|`Dua Lipa`|0|`4PWgkvdYqkv8mUtSIQ6iXW`
`5WUlDfRSoLAfcVSX1WnrxN`|`Sia`|0|`5a8RPWgKSmcGBGcffmIrUi`
`5fMUXHkw8R8eOP2RNVYEZX`|`Diplo`|1|`5a8RPWgKSmcGBGcffmIrUi`
`2feDdbD5araYcm6JhFHHw7`|`Labrinth`|2|`5a8RPWgKSmcGBGcffmIrUi`
`6IZ4ctovY9dl7bgHClAvKJ`|`LSD`|3|`5a8RPWgKSmcGBGcffmIrUi`
`2mV8aJphiSHYJf43DxL7Gt`|`Chromeo`|0|`7vUQZpMRXSXIbR9ggIlB7c`
`5M0lbkGluOPXLeFjApw8r8`|`DRAM`|1|`7vUQZpMRXSXIbR9ggIlB7c`
`0pghUohLPptZWBasy2wmUx`|`THEY.`|2|`7vUQZpMRXSXIbR9ggIlB7c`
`7sOR7gk6XUlGnxj3p9F54k`|`half•alive`|0|`60T6dfF5Q7KL2ujEefzoCE`
`7sOR7gk6XUlGnxj3p9F54k`|`half•alive`|0|`7HfbeXFwmCWnLpOq6Pa7Dr`
`0OgdRTPItr9dw4XYp4JJUx`|`Fit For A King`|0|`1ZpKyES3kDQwqamuPMmUqu`
`2Uiis5cmcUvukNK7OlpW8s`|`Wilson`|0|`3a0xTF3rUKUcUbzsz7A2oM`
`6BD4lgmnh4vy6kkCaZRDWt`|`Bury Tomorrow`|0|`26NEy2ZH4PpkMar8l4kEws`
`2vKiJjsgjgqIECUyYeIVvO`|`Crown The Empire`|0|`3GQsfsRqUVGLq19TOd9PBU`
`66CXWjxzNUsdJxJ2JdwvnR`|`Ariana Grande`|0|`7gkWXbAxIYuvtOpcN3p9GJ`
`64KEffDW9EtZ1y2vBYgq8T`|`Marshmello`|0|`2dpaYNEQHiRxtZbfNsse99`
`7EQ0qTo7fWT7DPxmxtSYEc`|`Bastille`|1|`2dpaYNEQHiRxtZbfNsse99`
`0WwSkZ7LtFUFjGjMZBMt6T`|`Dire Straits`|0|`6cr6UDpkjEaMQ80OjWqEBQ`
`5nGIFgo0shDenQYSE0Sn7c`|`Evanescence`|0|`0COqiPhxzoWICwFCS4eZcp`
`5mlbvTfWUOfDrUIK6dkNzv`|`Poppy`|0|`3fSfZJ1HDXtnPgAJaBvVRk`
`5fMUXHkw8R8eOP2RNVYEZX`|`Diplo`|1|`3fSfZJ1HDXtnPgAJaBvVRk`
`6oFs3qk4VepIVFdoD4jmsy`|`PVRIS`|0|`0Q2RyfUuffkaf4s61FG4q6`
`6M2wZ9GZgrQXHCFfjv46we`|`Dua Lipa`|0|`1ixphys4A3NEXp6MDScfih`
`67MNhiAICFY6Pwc2YxCO0K`|`Elley Duhé`|0|`7n08Zxn9ajd96UUe6SFGrP`
`26dSoYclwsYLMAKD3tpOr4`|`Britney Spears`|0|`6I9VzXrHxO9rA9A5euc8Ak`
`5EvFsr3kj42KNv97ZEnqij`|`Shaggy`|0|`0OaunKfsxkgBvPv68jBbmm`
`67wCYxOq4A1ohAs7jWYaOJ`|`Rik Rok`|1|`0OaunKfsxkgBvPv68jBbmm`
`2X97ZAqRKRMYFIDqtvGgGc`|`Silk City`|0|`5N4erncE7kuUccm7zEmwzk`
`6M2wZ9GZgrQXHCFfjv46we`|`Dua Lipa`|1|`5N4erncE7kuUccm7zEmwzk`
`5fMUXHkw8R8eOP2RNVYEZX`|`Diplo`|2|`5N4erncE7kuUccm7zEmwzk`
`3hv9jJF3adDNsBSIQDqcjp`|`Mark Ronson`|3|`5N4erncE7kuUccm7zEmwzk`
`4N8BwYTEC6XqykGvXXlmfv`|`George Benson`|0|`62GYoGszQfROZswLee6W3O`
`6XyY86QOPPrYVGvF9ch6wz`|`Linkin Park`|0|`2uxL6E8Yq0Psc1V9uBtC4F`
`6XyY86QOPPrYVGvF9ch6wz`|`Linkin Park`|0|`2nLtzopw4rPReszdYBJU6h`
`3Z02hBLubJxuFJfhacLSDc`|`Bryan Adams`|0|`0GONea6G2XdnHWjNZd6zt3`
`4QQgXkCYTt3BlENzhyNETg`|`Earth, Wind & Fire`|0|`7Cuk8jsPPoNYQWXK9XRFvG`
`37J1PlAkhRK7yrZUtqaUpQ`|`Caravan Palace`|0|`0thLhIqWsqqycEqFONOyhu`
`540vIaP2JwjQb9dm3aArA4`|`DJ Snake`|0|`4w8niZpiMy6qz1mntFA5uM`
`0C8ZW7ezQVs4URX5aX7Kqx`|`Selena Gomez`|1|`4w8niZpiMy6qz1mntFA5uM`
`1i8SpTcr7yvPOmcqrbnVXY`|`Ozuna`|2|`4w8niZpiMy6qz1mntFA5uM`
`4kYSro6naA4h99UJvo89HB`|`Cardi B`|3|`4w8niZpiMy6qz1mntFA5uM`
`64KEffDW9EtZ1y2vBYgq8T`|`Marshmello`|0|`29KS7kBSU77PrYGB6RVR5O`
`5abSRg0xN1NV3gLbuvX24M`|`Amr Diab`|1|`29KS7kBSU77PrYGB6RVR5O`
`5ChF3i92IPZHduM7jN3dpg`|`Nicky Romero`|0|`0wGxHftiB6j0SDzrFkF2G7`
`39PhMWg1aAuuZcph0OXGu6`|`Deniz Koyu`|1|`0wGxHftiB6j0SDzrFkF2G7`
`6jEiUoyyJNPHzSR0Nib6HX`|`Walk Off the Earth`|2|`0wGxHftiB6j0SDzrFkF2G7`
`66CXWjxzNUsdJxJ2JdwvnR`|`Ariana Grande`|0|`4OafepJy2teCjYJbvFE60J`
`6M2wZ9GZgrQXHCFfjv46we`|`Dua Lipa`|0|`5fK0Q3j2iUcQtiRDXlPW0K`
`0Y5tJX1MQlPlqiwlOH1tJY`|`Travis Scott`|0|`2xLMifQCjDGFmkHkpNLD9h`
`4QkSD9TRUnMtI8Fq1jXJJe`|`Snail Mail`|0|`43E0f1S0rOGCo6YYRYHjHP`
`1yQxtOqAvQ6sDn20lnnqPu`|`Swimming Girls`|0|`4g0IPdpWZkJ6n4WAizYqhX`
`26VFTg2z8YR0cCuwLzESi2`|`Halsey`|0|`5p7ujcrUXASCNwRaWNHR1C`
`4rGrN4XDYhP6dUAZMvcuHr`|`Caesars`|0|`5XMjXjwCkJVmk0AHm7z8IV`
`3jK9MiCrA42lLAdMGUZpwa`|`Anderson .Paak`|0|`1gnwGVoG7V08vMX3hyr90x`
`2YZyLoL8N0Wb9xBt1NhZWg`|`Kendrick Lamar`|1|`1gnwGVoG7V08vMX3hyr90x`
`6A43Djmhbe9100UwnI7epV`|`Cake`|0|`0xMEF2WiqKWTIG7Krjungw`
`1hCkSJcXREhrodeIHQdav8`|`Ramin Djawadi`|0|`6UlwC2B5vxdCKb37nqNTQe`
`1XpDYCrUJnvCo9Ez6yeMWh`|`Tenacious D`|0|`56BNLFLPUL9NtIoxuC6dCQ`
`6qqNVTkY8uBg9cP3Jd7DAH`|`Billie Eilish`|0|`14JzyD6FlBD5z0wV5P07YI`
`738wLrAtLtCtFOLvQBXOXp`|`Major Lazer`|0|`2uojaCMZEGSayPTysogGtx`
`4NHQUGzhtTLFvgF5SZesLK`|`Tove Lo`|1|`2uojaCMZEGSayPTysogGtx`
`0bdfiayQAKewqEvaU6rXCv`|`MØ`|0|`5mpibPxO6AWUhl2RiHpOGe`
`0spHbv2fw49lDMkbOAdaqX`|`WWE`|0|`4rUuanKJphrXkijshlCoUC`
`0CV4DAO1wV3ikZGYIkMtmh`|`John Cena`|1|`4rUuanKJphrXkijshlCoUC`
`1bPFOqvoGk96MUHVGc6f1f`|`Tha Trademarc`|2|`4rUuanKJphrXkijshlCoUC`
`6M2wZ9GZgrQXHCFfjv46we`|`Dua Lipa`|0|`7jr3iPu4O4bTCVwLMbdU2i`
`41MozSoPIsD1dJM0CLPjZF`|`BLACKPINK`|1|`7jr3iPu4O4bTCVwLMbdU2i`
`77AiFEVeAVj2ORpC85QVJs`|`Steve Aoki`|0|`2r1T6xGTVaNAqBoPH4lZEE`
`3Nrfpe0tUJi4K4DXYWgMUX`|`BTS`|1|`2r1T6xGTVaNAqBoPH4lZEE`
`23fqKkggKUBHNkbKtXEls4`|`Kygo`|0|`14sOS5L36385FJ3OL8hew4`
`5JYo7gm2dkyLLlWHjxS7Dy`|`Sandro Cavazza`|1|`14sOS5L36385FJ3OL8hew4`
`77AiFEVeAVj2ORpC85QVJs`|`Steve Aoki`|0|`4qPnE8jBZN3wmgGxspsOcP`
`5Igpc9iLZ3YGtKeYfSrrOE`|`Chris Lake`|1|`4qPnE8jBZN3wmgGxspsOcP`
`2vVNxGBvKRQMWwI5c8KmYh`|`Tujamo`|2|`4qPnE8jBZN3wmgGxspsOcP`
`0bdfiayQAKewqEvaU6rXCv`|`MØ`|0|`3Phjn4zJ34ZiEVUngyccY5`
`6MDME20pz9RveH9rEXvrOM`|`Clean Bandit`|0|`1fLhGF1JfGQYj6EZLndD86`
`6CwfuxIqcltXDGjfZsMd9A`|`MARINA`|1|`1fLhGF1JfGQYj6EZLndD86`
`4V8Sr092TqfHkfAA5fXXqG`|`Luis Fonsi`|2|`1fLhGF1JfGQYj6EZLndD86`
`0Cd6nHYwecCNM1sVEXKlYr`|`Krewella`|0|`457p7UH7hoHrbA2iI4PSCA`
`0Cd6nHYwecCNM1sVEXKlYr`|`Krewella`|0|`59mrqUmhpmcfUns8BKkV30`
`0Cd6nHYwecCNM1sVEXKlYr`|`Krewella`|0|`144VylfhBHydi2xvqy9yw6`
`7aB2KbM3pphL9mU3dXbyh2`|`Far Out`|1|`144VylfhBHydi2xvqy9yw6`
`66CXWjxzNUsdJxJ2JdwvnR`|`Ariana Grande`|0|`2rPE9A1vEgShuZxxzR2tZH`
`1nhSLEYdoBHG6cJ8NDwoF1`|`Fickle Friends`|0|`3dHQi60AqDoXhivIpbCvjb`
`7Ir0wjCeuhkHUyPAfNJi2X`|`Michael Salvatori`|0|`5P68xT9dqkleXVVtdIJPXo`
`7AK1uvXalruijh6pjRVDl1`|`Skye Lewin`|1|`5P68xT9dqkleXVVtdIJPXo`
`1IMQj6EtlmfuEDQI1Mh7HK`|`C Paul Johnson`|2|`5P68xT9dqkleXVVtdIJPXo`
`5EzR3mljAoKai6zZePlqpC`|`Rotem Moav`|3|`5P68xT9dqkleXVVtdIJPXo`
`7E6yVUVRGff9KfjPGkpMc4`|`Pieter Schlosser`|4|`5P68xT9dqkleXVVtdIJPXo`
`0M6xcJTswOl2qvExCJhiS3`|`Kronos Quartet`|5|`5P68xT9dqkleXVVtdIJPXo`
`7Ir0wjCeuhkHUyPAfNJi2X`|`Michael Salvatori`|0|`1EV1Q3P0kJMePXd6ZvJewV`
`7AK1uvXalruijh6pjRVDl1`|`Skye Lewin`|1|`1EV1Q3P0kJMePXd6ZvJewV`
`1IMQj6EtlmfuEDQI1Mh7HK`|`C Paul Johnson`|2|`1EV1Q3P0kJMePXd6ZvJewV`
`5EzR3mljAoKai6zZePlqpC`|`Rotem Moav`|3|`1EV1Q3P0kJMePXd6ZvJewV`
`7E6yVUVRGff9KfjPGkpMc4`|`Pieter Schlosser`|4|`1EV1Q3P0kJMePXd6ZvJewV`
`7pXu47GoqSYRajmBCjxdD6`|`Vulfpeck`|0|`1AMESvSEC31CGjMhO0nqZy`
`2a4lU7F8toqKpb5v6Ftqya`|`Theo Katzman`|1|`1AMESvSEC31CGjMhO0nqZy`
`6CwfuxIqcltXDGjfZsMd9A`|`MARINA`|0|`2Ow4Pmi0VOOLvbmJ8V70qo`
`6CwfuxIqcltXDGjfZsMd9A`|`MARINA`|0|`4sNwdacKyi2S26WrRtNama`
`7HIjKw4rHS0MtmV0cqSlpB`|`Cathedrals`|0|`5BqfP9NnRR9G8lnlwjxxk4`
`7DMveApC7UnC2NPfPvlHSU`|`Cheat Codes`|0|`6lZe9DbvrcHZ3Ot2O9BPRc`
`3Xt3RrJMFv5SZkCfUE8C1J`|`Kim Petras`|1|`6lZe9DbvrcHZ3Ot2O9BPRc`
`6MDME20pz9RveH9rEXvrOM`|`Clean Bandit`|0|`3WDIhWoRWVcaHdRwMEHkkS`
`0X2BH1fck6amBIoJhDVmmJ`|`Ellie Goulding`|1|`3WDIhWoRWVcaHdRwMEHkkS`
`6MDME20pz9RveH9rEXvrOM`|`Clean Bandit`|0|`6Vly9VOZmMnHDDambtb32p`
`2ExGrw6XpbtUAJHTLtUXUD`|`Stefflon Don`|1|`6Vly9VOZmMnHDDambtb32p`
`2QSPrJfYeRXaltEEiriXN9`|`Tove Styrke`|2|`6Vly9VOZmMnHDDambtb32p`
`6MDME20pz9RveH9rEXvrOM`|`Clean Bandit`|0|`7DKSHIR389td3F1MrTOerW`
`4qBgvVog0wzW75IQ48mU7v`|`KYLE`|1|`7DKSHIR389td3F1MrTOerW`
`2ht3wxeT69CzyKFChNnNAB`|`Big Boi`|2|`7DKSHIR389td3F1MrTOerW`
`6MDME20pz9RveH9rEXvrOM`|`Clean Bandit`|0|`4cKyHIo4oIZTLW5MujF9nL`
`5IHqlcCbQkyhWl0KmIwgeq`|`Louisa`|1|`4cKyHIo4oIZTLW5MujF9nL`
`776HGV4QHksTaUaawD9DnE`|`Foley`|0|`2VnkynMMl9PsBrrOibDUTL`
`6Qpa8xhGsGitz4WBf4BkpK`|`Baker Boy`|0|`5Dta3vXwJx28vqRZIi974F`
`0uRdK8gy7fXJGRywrlmPM7`|`GoldFish`|0|`5tO7Ag4pwW1J5vrZjRGzGt`
`6xeFne1rkxMhKSW3ipvkdV`|`Toploader`|0|`3Fzlg5r1IjhLk2qRw667od`
`5FvlJcXnFIm72pgQtW3Dct`|`Feenixpawl`|0|`79ep1XDpYKg0goDd3g5uPT`
`53gBJot4NtKHSCLTuUdTYR`|`Mikayla`|1|`79ep1XDpYKg0goDd3g5uPT`
`1LOB7jTeEV14pHai6EXSzF`|`Cash Cash`|0|`1gdMKFGWrI34ZTO8k7Hfg6`
`0DxeaLnv6SyYk2DOqkLO8c`|`MAGIC!`|1|`1gdMKFGWrI34ZTO8k7Hfg6`
`5CiGnKThu5ctn9pBxv7DGa`|`benny blanco`|0|`1kQhi22kyluRCnIPAXtxEZ`
`7CajNmpbOovFoOoasH2HaY`|`Calvin Harris`|1|`1kQhi22kyluRCnIPAXtxEZ`
`45eNHdiiabvmbp4erw26rg`|`ILLENIUM`|0|`0n30h31bEKiIHXXzPbkdqy`
`6cEuCEZu7PAE9ZSzLLc2oQ`|`R3HAB`|0|`7rwqkua9U2yWomm2hIPdOm`
`3RP50pmG8Wz1mhNCidQj68`|`RITUAL`|1|`7rwqkua9U2yWomm2hIPdOm`
`6t1gpxYbY8OlLA7D2RiikQ`|`Loud Luxury`|0|`21RzyxY3EFaxVy6K4RqaU9`
`5uEeqYFuIChoWKy34jp8xE`|`Brando`|1|`21RzyxY3EFaxVy6K4RqaU9`
`6ULgWDGCtXxQF8rjAHHpJl`|`Rooverb`|0|`7cOxSguow8LH3VWMYCS1AL`
`1O1jSxOa0YopopGsl56J2b`|`Alan Crown`|1|`7cOxSguow8LH3VWMYCS1AL`
`6XEQz9PtogOCpBmkJ8Cb8E`|`Alicia Madison`|2|`7cOxSguow8LH3VWMYCS1AL`
`20JZFwl6HVl6yg8a4H3ZqK`|`Panic! At The Disco`|0|`1rqqCSm0Qe4I9rUvWncaom`
`20JZFwl6HVl6yg8a4H3ZqK`|`Panic! At The Disco`|0|`76vMKwFtdDDCLcM6zXybjB`
`20JZFwl6HVl6yg8a4H3ZqK`|`Panic! At The Disco`|0|`0wdV94AXGRphrbkDWLNzVC`
`1HY2Jd0NmPuamShAr6KMms`|`Lady Gaga`|0|`6HkjpGIOHv4y0IBAxUbE5z`
`7fObcBw9VM3x7ntWKCYl0z`|`Colby O'Donis`|1|`6HkjpGIOHv4y0IBAxUbE5z`
`1HY2Jd0NmPuamShAr6KMms`|`Lady Gaga`|0|`0WfKDYeUAoLA3vdvLKKWMW`
`1HY2Jd0NmPuamShAr6KMms`|`Lady Gaga`|0|`1WP9BnIr6SbcneveMTedPj`
`1HY2Jd0NmPuamShAr6KMms`|`Lady Gaga`|0|`15pu8u4n3q4BKl4tF20c5v`
`6DIS6PRrLS3wbnZsf7vYic`|`WALK THE MOON`|0|`6GqRl2u7LIW93T8Vi5LnXU`
`6qqNVTkY8uBg9cP3Jd7DAH`|`Billie Eilish`|0|`7tGEAA1f8MydT7eVbbO9Zy`
`6MF9fzBmfXghAz953czmBC`|`Taio Cruz`|0|`1DqdF42leyFIzqNDv9CjId`
`3cR4rhS2hBWqI7rJEBacvN`|`Leslie Odom Jr.`|0|`7EqpEBPOohgk7NnKvBGFWo`
`3UUJfRbrA2nTbcg4i0MOwu`|`Original Broadway Cast of Hamilton`|1|`7EqpEBPOohgk7NnKvBGFWo`
`3cR4rhS2hBWqI7rJEBacvN`|`Leslie Odom Jr.`|0|`2sEq2rC3ynYsT49x7utWnd`
`4aXXDj9aZnlshx7mzj3W1N`|`Lin-Manuel Miranda`|1|`2sEq2rC3ynYsT49x7utWnd`
`06HL4z0CvFAxyc27GXpf02`|`Taylor Swift`|0|`273dCMFseLcVsoSWx59IoE`
`06HL4z0CvFAxyc27GXpf02`|`Taylor Swift`|0|`1p80LdxRV74UKvL8gnD7ky`
`06HL4z0CvFAxyc27GXpf02`|`Taylor Swift`|0|`72jCZdH0Lhg93z6Z4hBjgj`
`1e16kiJQtCTveTl7TQnkFN`|`Scary Pockets`|0|`5pn14wUhBZ4XB2V2XIjna5`
`7jnbFTMmtEZPT4ywFrvaMa`|`Mario Jose`|1|`5pn14wUhBZ4XB2V2XIjna5`
`1e16kiJQtCTveTl7TQnkFN`|`Scary Pockets`|0|`5yNsfPtgGLAj4cS12XIhGn`
`1P3aWqFIk6jRJ2IpxlHvGy`|`India Carney`|1|`5yNsfPtgGLAj4cS12XIhGn`
`1e16kiJQtCTveTl7TQnkFN`|`Scary Pockets`|0|`2iLDfuKDzczsUfUDx5l6Cz`
`5tUXE5XK6VpNJj4LtxeI7W`|`Kenton Chen`|1|`2iLDfuKDzczsUfUDx5l6Cz`
`1e16kiJQtCTveTl7TQnkFN`|`Scary Pockets`|0|`3JkaX6SYpa7MIPuPpw4W9Z`
`1UxNUybRFdtksz3l5HtCEG`|`Casey Abrams`|1|`3JkaX6SYpa7MIPuPpw4W9Z`
`1HBjj22wzbscIZ9sEb5dyf`|`Jonas Blue`|0|`3u1S1OmAUhx5DRlLrXqyp3`
`1INuLZXjjVbcJRyWvD1iSq`|`Jack & Jack`|1|`3u1S1OmAUhx5DRlLrXqyp3`
`69GGBxA162lTqCwzJG5jLp`|`The Chainsmokers`|0|`1HOlb9rdNOmy9b1Fakicjo`
`66CXWjxzNUsdJxJ2JdwvnR`|`Ariana Grande`|0|`14msK75pk3pA33pzPVNtBF`
`64KEffDW9EtZ1y2vBYgq8T`|`Marshmello`|0|`0GVBPuCT3pBrXCdY3Uiy5B`
`1wRPtKGflJrBx9BmLsSwlU`|`Pritam`|1|`0GVBPuCT3pBrXCdY3Uiy5B`
`6CwfuxIqcltXDGjfZsMd9A`|`MARINA`|0|`38Rf2a5GyLjH6I6vP4gB3G`
`66CXWjxzNUsdJxJ2JdwvnR`|`Ariana Grande`|0|`5Il6Oe7lr5XM7A0cWbVQtr`
`4xNadaO5ZZLVJdqDIVVIua`|`Electric Six`|0|`6LtIW2Y5NbZnMlUJbiviQ6`
`4xNadaO5ZZLVJdqDIVVIua`|`Electric Six`|0|`2zE8kjcxY7rtbouWikyV86`
`4xNadaO5ZZLVJdqDIVVIua`|`Electric Six`|0|`3wY8GRMM7SuI2lbHfUdzu0`
`3nJWBJvK7uGvfp4iZh9CkN`|`Relient K`|0|`3Vi93V7o1tT28Cut4gSWi3`
`3nJWBJvK7uGvfp4iZh9CkN`|`Relient K`|0|`23zxVVtHjo2mbtAoAg5XB4`
`70kkdajctXSbqSMJbQO424`|`Kacey Musgraves`|0|`79qxwHypONUt3AFq0WPpT9`
`6qqNVTkY8uBg9cP3Jd7DAH`|`Billie Eilish`|0|`4NzMOnvSJVNKF7nw5NkXIP`
`4xNadaO5ZZLVJdqDIVVIua`|`Electric Six`|0|`6s9iK4Hf5nLhdDMCnkDV3T`
`6ueGR6SWhUJfvEhqkvMsVs`|`Janelle Monáe`|0|`1Z2MfAx1nJ09NzGjodnvRW`
`4G4om3U7TKES0hDBQYYVy7`|`Zoë Kravitz`|1|`1Z2MfAx1nJ09NzGjodnvRW`
`74XFHRwlV6OrjEM0A2NCMF`|`Paramore`|0|`1j8z4TTjJ1YOdoFEDwJTQa`
`0p4nmQO2msCgU4IF37Wi3j`|`Avril Lavigne`|0|`52CbTCsPINj1IslY2q5hOK`
`0hCNtLu0JehylgoiP8L4Gh`|`Nicki Minaj`|1|`52CbTCsPINj1IslY2q5hOK`
`3TVXtAsR1Inumwj472S9r4`|`Drake`|0|`6DCZcSspjsKoFjzjrWoCdn`
`2qxJFvFYMEDqd7ui6kSAcq`|`Zedd`|0|`2XWjPtKdi5sucFYtVav07d`
`6jJ0s89eD6GaHleKKya26X`|`Katy Perry`|1|`2XWjPtKdi5sucFYtVav07d`
`2qxJFvFYMEDqd7ui6kSAcq`|`Zedd`|0|`2QtJA4gbwe1AcanB2p21aP`
`6Rx1JKzBrSzoKQtmbVmBnM`|`Hayley Williams`|1|`2QtJA4gbwe1AcanB2p21aP`
`6WGE3kO8ULME2ErBcOksSR`|`KAAZE`|0|`2G1oxQ0X62BCr07HG5Hy1Q`
`2F5W87iAItmuV4gXchebr8`|`Fuero`|1|`2G1oxQ0X62BCr07HG5Hy1Q`
`699OTQXzgjhIYAHMy9RyPD`|`Playboi Carti`|0|`2BJSMvOGABRxokHKB0OI8i`
`4O15NlyKLIASxsJ0PrXPfz`|`Lil Uzi Vert`|1|`2BJSMvOGABRxokHKB0OI8i`
`2DuJi13MWHjRHrqRUwk8vH`|`Knife Party`|0|`0QIYINh2AwmOmdu8CRYvlw`
`3JhNCzhSMTxs9WLGJJxWOY`|`Macklemore`|0|`1FCQEg7wOK9IIBuxx63krr`
`6LqNN22kT3074XbTVUrhzX`|`Kesha`|0|`4JnQx0xYuoXdkNHe0dt0oR`
`5K4W6rqBFWDnAN6FQUkS6x`|`Kanye West`|0|`3rbNV2GI8Vtd8byhUtXZID`
`3nFkdlSjzX9mRTtwJOzDYB`|`JAY-Z`|1|`3rbNV2GI8Vtd8byhUtXZID`
`0c173mlxpT3dSFRgMO8XPh`|`Big Sean`|2|`3rbNV2GI8Vtd8byhUtXZID`
`1IELhvOMg5VQlU7syRm6CS`|`CAZZETTE`|0|`3tBHQJmuE0BOKR7l4Anap5`
`5BcAKTbp20cv7tC5VqPFoC`|`Macklemore & Ryan Lewis`|0|`4YMqbFcDIFiCBd02PzUBcM`
`56xTxG4nQMAs1GW9kvn0uA`|`Wanz`|1|`4YMqbFcDIFiCBd02PzUBcM`
`137W8MRPWKqSmrBGDBFSop`|`Wiz Khalifa`|0|`62csqLJbdvAKb38rYijV1R`
`085pc2PYOi8bGKj0PNjekA`|`will.i.am`|0|`054ue8u2erwwGNgSIZLEPq`
`26dSoYclwsYLMAKD3tpOr4`|`Britney Spears`|1|`054ue8u2erwwGNgSIZLEPq`
`1h6Cn3P4NGzXbaXidqURXs`|`Swedish House Mafia`|0|`1oF75Qbv8UvOBm1imUAE51`
`5he5w2lnU9x7JFhnwcekXX`|`Skrillex`|0|`4rwpZEcnalkuhPyGkEdhu0`
`5he5w2lnU9x7JFhnwcekXX`|`Skrillex`|0|`6VRhkROS2SZHGlp0pxndbJ`
`3oAazIwC0nAYkOKVQPUC38`|`Sirah`|1|`6VRhkROS2SZHGlp0pxndbJ`
`0Y5tJX1MQlPlqiwlOH1tJY`|`Travis Scott`|0|`0u695M7KyzXaPIjpEbxOkB`
`5he5w2lnU9x7JFhnwcekXX`|`Skrillex`|1|`0u695M7KyzXaPIjpEbxOkB`
`1YSA4byX5AL1zoTsSTlB03`|`Turnpike Troubadours`|0|`62EcdBCqjB62CxnhgBkkJT`
`66CXWjxzNUsdJxJ2JdwvnR`|`Ariana Grande`|0|`3wFLWP0FcIqHK1wb1CPthQ`
`7DuTB6wdzqFJGFLSH17k8e`|`Bhad Bhabie`|0|`0jtTDKt1FRTnKbWtWSGLoy`
`46SHBwWsqBkxI7EeeBEQG7`|`Kodak Black`|1|`0jtTDKt1FRTnKbWtWSGLoy`
`4xtWjIlVuZwTCeqVAsgEXy`|`Insane Clown Posse`|0|`5WuvsVJcKm6Gr8XEFBbCeB`
`1YSA4byX5AL1zoTsSTlB03`|`Turnpike Troubadours`|0|`0kOG4bwpKgRlcJw1NA6csR`
`64KEffDW9EtZ1y2vBYgq8T`|`Marshmello`|0|`5icOoE6VgqFKohjWWNp0Ac`
`3CjlHNtplJyTf9npxaPl5w`|`CHVRCHES`|1|`5icOoE6VgqFKohjWWNp0Ac`
`6qqNVTkY8uBg9cP3Jd7DAH`|`Billie Eilish`|0|`4txc3txsIt81diMzGhrVPS`
`6WY7D3jk8zTrHtmkqqo5GI`|`Maren Morris`|0|`69fiYWZsqPB7BVhJJODKQJ`
`06HL4z0CvFAxyc27GXpf02`|`Taylor Swift`|0|`7AEAGTc8cReDqcbPoY9gwo`
`1YSA4byX5AL1zoTsSTlB03`|`Turnpike Troubadours`|0|`3l4cnZdtNbVZgV3ICYh1Ni`
`1YSA4byX5AL1zoTsSTlB03`|`Turnpike Troubadours`|0|`0FuaxhI17w2hPRdN4sDSaG`
`1YSA4byX5AL1zoTsSTlB03`|`Turnpike Troubadours`|0|`3BXe9ZWHc05Ejzo51NuQVG`
`74XFHRwlV6OrjEM0A2NCMF`|`Paramore`|0|`2RJfK2pOvGpnxC255YOy5k`
`1xHQO9GJIW9OXHxGBISYc5`|`Marian Hill`|0|`5m77d1ztVTdZN9FevK9TE1`
`7r8RF1tN2A4CiGEplkp1oP`|`Ginuwine`|0|`6mz1fBdKATx6qP4oP1I65G`
`694QW15WkebjcrWgQHzRYF`|`Everclear`|0|`37EJtTS7jT5WUyXGZzrwnI`
`2P5sC9cVZDToPxyomzF1UH`|`Joey Bada$$`|0|`4ntsD33Pgsgk8rUyZLLiUV`
`0TnOYISbd1XYRBk9myaseg`|`Pitbull`|0|`6Rb0ptOEjBjPPQUlQtQGbL`
`20JZFwl6HVl6yg8a4H3ZqK`|`Panic! At The Disco`|0|`2fmCA13dwQQOGBIbIOWRiJ`
`22lnnGKlaDxk8sfzCNRJuA`|`Diviners`|0|`4W35hANv0JfAup7K3TH2lN`
`1Dn88PoQjnQgLTOaokePFz`|`Bright Sparks`|1|`4W35hANv0JfAup7K3TH2lN`
`34v5MVKeQnIo0CWYMbbrPf`|`John Newman`|0|`5VSCgNlSmTV2Yq5lB40Eaw`
`3xFkHylXN9yHzwCQBypRFn`|`Nightcall`|0|`6JflMse23AqmddXJnGiEVJ`
`6qqNVTkY8uBg9cP3Jd7DAH`|`Billie Eilish`|0|`2Fxmhks0bxGSBdJ92vM42m`
`6qqNVTkY8uBg9cP3Jd7DAH`|`Billie Eilish`|0|`3Tc57t9l2O8FwQZtQOvPXK`
`6qqNVTkY8uBg9cP3Jd7DAH`|`Billie Eilish`|0|`6IRdLKIyS4p7XNiP8r6rsx`
`4uRYpUQZrNrY5t8tAv3XrD`|`NERO`|0|`47r2YKldN36ykegWkciO0E`
`5K4W6rqBFWDnAN6FQUkS6x`|`Kanye West`|0|`4S8d14HvHb70ImctNgVzQQ`
`3wyVrVrFCkukjdVIdirGVY`|`Lil Pump`|1|`4S8d14HvHb70ImctNgVzQQ`
`5Z8UTQtTYNu5o5FA66LFgv`|`Jeremy Passion`|0|`5nJzWhlrBfn3cfDLlaAgAO`
`7z5WFjZAIYejWy0NI5lv4T`|`Dan + Shay`|0|`42fw0rxRO2xbesF6mJfd4Y`
`4npEfmQ6YuiwW1GpUmaq3F`|`Ava Max`|0|`25sgk305KZfyuqVBQIahim`
`1vCWHaC5f2uS3yhpwWbIA6`|`Avicii`|0|`6nDKrPlXdpomGBgAlO7UdP`
`0id62QV2SZZfvBn9xpmuCl`|`Aloe Blacc`|1|`6nDKrPlXdpomGBgAlO7UdP`
`3Nrfpe0tUJi4K4DXYWgMUX`|`BTS`|0|`5KawlOMHjWeUjQtnuRs22c`
`26VFTg2z8YR0cCuwLzESi2`|`Halsey`|1|`5KawlOMHjWeUjQtnuRs22c`
`3z6Gk257P9jNcZbBXJNX5i`|`Regina Spektor`|0|`0jHuggE1BEu6e278g8JxbL`
`2kCcBybjl3SAtIcwdWpUe3`|`Lil Peep`|0|`2v5JTeM6hSmi5wWy7jiwrI`
`3aGFCoR8xGN6DKwvdzeSja`|`ILOVEMAKONNEN`|1|`2v5JTeM6hSmi5wWy7jiwrI`
`4UXqAaa6dQYAk18Lv7PEgX`|`Fall Out Boy`|2|`2v5JTeM6hSmi5wWy7jiwrI`
`6MUyqmIQ35inLjch0YzIEG`|`Frou Frou`|0|`6cFvNdMWtlIu69OnEENBE4`
`4FZ3j1oH43e7cukCALsCwf`|`Jack White`|0|`1kBM7AURqQTIXFePNVpEwP`
`06HL4z0CvFAxyc27GXpf02`|`Taylor Swift`|0|`4Sib57MmYGJzSvkW84jTwh`
`6eYFryfcEu3QSq59D62wZQ`|`Brendon Urie`|1|`4Sib57MmYGJzSvkW84jTwh`
`0LSjb1pZ3uHwuvIaVzhdyT`|`Daye Jack`|0|`6kMpZKfAdnIXrTsdc6OpxP`
`3rFuaqp0dIZI7ATAkdhaBx`|`Mike Denver`|0|`367eLNtnLZZMup6YQTUOtj`
`1zxDewzd2j1ZdSBGaYcr0y`|`The Outfield`|0|`4oDZ5L8izBals6jKBJDBcX`
`6FBDaR13swtiWwGhX1WQsP`|`blink-182`|0|`5VYRZ0PFFpHX8Hp0turWxI`
`70kkdajctXSbqSMJbQO424`|`Kacey Musgraves`|0|`65krgqLiZqW12PZAUQ9l2x`
`1vCWHaC5f2uS3yhpwWbIA6`|`Avicii`|0|`4XZxalvnG4Yo8YZLuiT1kV`
`6SsTlCsuCYleNza6xGwynu`|`Agnes`|1|`4XZxalvnG4Yo8YZLuiT1kV`
`2fVW2ix4ANKiofDZIsy1XR`|`Vargas & Lagola`|2|`4XZxalvnG4Yo8YZLuiT1kV`
`1Cs0zKBU1kc0i8ypK3B9ai`|`David Guetta`|0|`4YhN72dRYL2Z3MsaKyT7rS`
`5KKpBU5eC2tJDzf0wmlRp2`|`RAYE`|1|`4YhN72dRYL2Z3MsaKyT7rS`
`3Xt3RrJMFv5SZkCfUE8C1J`|`Kim Petras`|0|`5gskbDVhMXZr89g0XDMaZe`
`6wKxOKEA3K6R2UZ3COLXEY`|`Elohim`|0|`1r3ub9PNsYYZGH7UeRIP9T`
`7jVv8c5Fj3E9VhNjxT4snq`|`Lil Nas X`|0|`6u7jPi22kF8CTQ3rb9DHE7`
`60rpJ9SgigSd16DOAG7GSa`|`Billy Ray Cyrus`|1|`6u7jPi22kF8CTQ3rb9DHE7`
`6sFIWsNpZYqfjUpaCgueju`|`Carly Rae Jepsen`|0|`11gPrIAQGSmQhngUpb0XC2`
`7sgWBYtJpblXpJl2lU5WVs`|`Electric Guest`|1|`11gPrIAQGSmQhngUpb0XC2`
`26VFTg2z8YR0cCuwLzESi2`|`Halsey`|0|`340UVheS8z3ncW9TTUhAbc`
`60d24wfXkVzDSfLS6hyCjZ`|`Martin Garrix`|0|`7Feaw9WAEREY0DUOSXJLOM`
`3JhNCzhSMTxs9WLGJJxWOY`|`Macklemore`|1|`7Feaw9WAEREY0DUOSXJLOM`
`4UXqAaa6dQYAk18Lv7PEgX`|`Fall Out Boy`|2|`7Feaw9WAEREY0DUOSXJLOM`
`69GGBxA162lTqCwzJG5jLp`|`The Chainsmokers`|0|`05CwHjIk71RXVU40boRMnR`
`64M6ah0SkkRsnPGtGiRAbb`|`Bebe Rexha`|1|`05CwHjIk71RXVU40boRMnR`
`1vCWHaC5f2uS3yhpwWbIA6`|`Avicii`|0|`0vrmHPfoBadXVr2n0m1aqZ`
`1vCWHaC5f2uS3yhpwWbIA6`|`Avicii`|0|`6NVjujGb9fnl25fjzm5dTy`
`7Io0XduXk7aOHFHA7sLru2`|`Bonn`|1|`6NVjujGb9fnl25fjzm5dTy`
`0QHgL1lAIqAw0HtD7YldmP`|`DJ Khaled`|0|`1Hd2XLitkt1PYCWSbfF5qV`
`4kYSro6naA4h99UJvo89HB`|`Cardi B`|1|`1Hd2XLitkt1PYCWSbfF5qV`
`1URnnhqYAYcrqrcwql10ft`|`21 Savage`|2|`1Hd2XLitkt1PYCWSbfF5qV`
`3Xt3RrJMFv5SZkCfUE8C1J`|`Kim Petras`|0|`2k7U163ZREgFqAAlOhsgcy`
`7pXu47GoqSYRajmBCjxdD6`|`Vulfpeck`|0|`3uFp6gGgNMtSEmzx1cHTG4`
`2a4lU7F8toqKpb5v6Ftqya`|`Theo Katzman`|1|`3uFp6gGgNMtSEmzx1cHTG4`
`1IueXOQyABrMOprrzwQJWN`|`Sigala`|0|`59D6pNWyn8UXPpos5fbAqm`
`7gAppWoH7pcYmphCVTXkzs`|`The Vamps`|1|`59D6pNWyn8UXPpos5fbAqm`
`7jVv8c5Fj3E9VhNjxT4snq`|`Lil Nas X`|0|`68poZGRClFTzLdeRz9X0M2`
`07QEuhtrNmmZ0zEcqE9SF6`|`Owl City`|0|`7eXZqUNF3J8HawzxVT9Uhi`
`0id62QV2SZZfvBn9xpmuCl`|`Aloe Blacc`|1|`7eXZqUNF3J8HawzxVT9Uhi`
`2IjiuEObrCKyZvSb8xLxG9`|`filous`|0|`0OfZ9imMwFU03zc2wl8pBt`
`0lzV2CiahHRiGd6qpADtPS`|`James Hersey`|1|`0OfZ9imMwFU03zc2wl8pBt`
`3LaBw0YCv8D35w9AvePFtF`|`Aspyer`|0|`3H0Zc9pMmV8uULNL2NBqpp`
`2eRJjYEaWyGZbOBGYFLBoC`|`The Ready Set`|1|`3H0Zc9pMmV8uULNL2NBqpp`
`6Lw31HQJ9LI6AeGBe8bnen`|`tofû`|2|`3H0Zc9pMmV8uULNL2NBqpp`
`1Q6FryXiIRvXPZH9r7bL0J`|`nelle`|3|`3H0Zc9pMmV8uULNL2NBqpp`
`7f0OLhGgBMX9fUjm1dcPip`|`Alice Merton`|0|`7DFSnCBYlus7i4U9KKlbdU`
`20JZFwl6HVl6yg8a4H3ZqK`|`Panic! At The Disco`|0|`18xmRkPWE0sGUzFyNNAAhN`
`20JZFwl6HVl6yg8a4H3ZqK`|`Panic! At The Disco`|0|`22oEJW6r2rMb9z4IntfyEa`
`23fqKkggKUBHNkbKtXEls4`|`Kygo`|0|`6oJ6le65B3SEqPwMRNXWjY`
`6XpaIBNiVzIetEPCWDvAFP`|`Whitney Houston`|1|`6oJ6le65B3SEqPwMRNXWjY`
`53M4Iv2RkzzxFFvW2B1jhC`|`Breathe Carolina`|0|`3hY80yJLjl2VgYLjn1aLVp`
`3nAdmhth5AczU6YwCJOlYh`|`Dropgun`|1|`3hY80yJLjl2VgYLjn1aLVp`
`0Sz2jslaxjcw2VM5zYh2jK`|`Kaleena Zanders`|2|`3hY80yJLjl2VgYLjn1aLVp`
`7lVtH5UmhLGyfN9iS2FFk7`|`DHT`|0|`1YNWGyVHdDfRAHuLumg1wg`
`2Bn9Kf2NC3mJfExuN9DMdE`|`Edmee`|1|`1YNWGyVHdDfRAHuLumg1wg`
`4tqKQAZcPhjqMmHaVRGHaY`|`Kira Puru`|0|`054ghjdHmZeUmrVQC8Mi3o`
`20JZFwl6HVl6yg8a4H3ZqK`|`Panic! At The Disco`|0|`6PFoEnjp0PAe5siGswjH9i`
`23fqKkggKUBHNkbKtXEls4`|`Kygo`|0|`2ErAwXXUgBGLXwm4IgZRQv`
`3koiLjNrgRTNbOwViDipeA`|`Marvin Gaye`|1|`2ErAwXXUgBGLXwm4IgZRQv`
`69GGBxA162lTqCwzJG5jLp`|`The Chainsmokers`|0|`4NBTZtAt1F13VvlSKe6KTl`
`3RqBeV12Tt7A8xH3zBDDUF`|`Kelsea Ballerini`|1|`4NBTZtAt1F13VvlSKe6KTl`
`50JJSqHUf2RQ9xsHs0KMHg`|`Jon Bellion`|0|`0SuLAslEMFZAXf0SwY7syi`
`0QHgL1lAIqAw0HtD7YldmP`|`DJ Khaled`|0|`5WvAo7DNuPRmk4APhdPzi8`
`1uNFoZAHBGtllmzznpCI3s`|`Justin Bieber`|1|`5WvAo7DNuPRmk4APhdPzi8`
`0VRj0yCOv2FXJNP47XQnx5`|`Quavo`|2|`5WvAo7DNuPRmk4APhdPzi8`
`1anyVhU62p31KFi8MEzkbf`|`Chance the Rapper`|3|`5WvAo7DNuPRmk4APhdPzi8`
`07QEuhtrNmmZ0zEcqE9SF6`|`Owl City`|0|`3DamFFqW32WihKkTVlwTYQ`
`3qm84nBOXUEQ2vnTfUTTFC`|`Guns N' Roses`|0|`7snQQk1zcKl8gZ92AnueZW`
`5BtHciL0e0zOP7prIHn3pP`|`Breaking Benjamin`|0|`0faXHILILebCGnJBPU6KJJ`
`3lDpdwM8KILepMHqBWUhIA`|`The Struts`|0|`71hhuJLNpxBQLSbbQ6ZWr4`
`6LqNN22kT3074XbTVUrhzX`|`Kesha`|1|`71hhuJLNpxBQLSbbQ6ZWr4`
`3lDpdwM8KILepMHqBWUhIA`|`The Struts`|0|`3IyCL4Em1GOpNGDf451Hg1`
`6oFs3qk4VepIVFdoD4jmsy`|`PVRIS`|0|`7s2b12DS3zShmxHl2SKYq0`
`6qqNVTkY8uBg9cP3Jd7DAH`|`Billie Eilish`|0|`41zXlQxzTi6cGAjpOXyLYH`
`5AwFdltumYX3noHzyL6vCB`|`The Digbees`|0|`5Gsoh3HuC8oNxyZ2h7ND2H`
`33EUXrFKGjpUSGacqEHhU4`|`Iggy Pop`|0|`15BQ7vEDv2LJuh8TxWIhtd`
`56oDRnqbIiwx4mymNEv7dS`|`Lizzo`|0|`5qmq61DAAOUaW8AUo8xKhh`
`56oDRnqbIiwx4mymNEv7dS`|`Lizzo`|0|`6uAm7pG66O1XesXS9bpHSF`
`56oDRnqbIiwx4mymNEv7dS`|`Lizzo`|0|`0k664IuFwVP557Gnx7RhIl`
`56oDRnqbIiwx4mymNEv7dS`|`Lizzo`|0|`1ITsmuChPVC05ogvorAyVu`
`56oDRnqbIiwx4mymNEv7dS`|`Lizzo`|0|`6waHiq6DtId8t1RODPVSgP`
`47blM5Op3BJODxUJImwdYE`|`Caroline Smith`|1|`6waHiq6DtId8t1RODPVSgP`
`56oDRnqbIiwx4mymNEv7dS`|`Lizzo`|0|`6nBQFAIVFmAx2oZ8p6lUg6`
`2wIVse2owClT7go1WT98tk`|`Missy Elliott`|1|`6nBQFAIVFmAx2oZ8p6lUg6`
`6MCHLEjYo9byp8QYGpgnGp`|`Kuren`|0|`21Cy363pQTVA66aItl5Eco`
`6NFyaN9PMCDZ3LKxGwHAXt`|`Illy`|1|`21Cy363pQTVA66aItl5Eco`
`06HL4z0CvFAxyc27GXpf02`|`Taylor Swift`|0|`29fRTIKsJhLUJoldM89GZS`
`6v4jPZO3UIDNJIgdxRxtr9`|`Dispatch`|0|`6n6EXIwLtNwe4u4CFzENYm`
`43sZBwHjahUvgbx1WNIkIz`|`Creed`|0|`0eKyHwckh9vQb8ncZ2DXCs`
`4xPlBQAVyS9TNgDEBHbKCs`|`Brian Tuey`|0|`3lpnYiJSFZmtsIM13OyRfa`
`2a1s63oSnZEVny55iHFs5P`|`James McCawley`|1|`3lpnYiJSFZmtsIM13OyRfa`
`0PeCx7KMxc0EyQjujw6Tpa`|`Kevin Sherwood`|2|`3lpnYiJSFZmtsIM13OyRfa`
`0eYjOxLFtSZHGymJMASQiU`|`Treyarch Sound`|3|`3lpnYiJSFZmtsIM13OyRfa`
`6BMhCQJYHxxKAeqYS1p5rY`|`Hinder`|0|`40LQiUUUKXVGyNs09lHVjW`
`0daugAjUgbJSqdlyYNwIbT`|`Vicetone`|0|`1p1nLXGRHKeA1uAdjSVn24`
`3LkSiHbjqOHCKCqBfEZOTv`|`Atreyu`|0|`6u9aD8ovEo4SJY76litOCd`
`5w09r1HW3Dc8BMYIvqbnnF`|`Mark Morton`|0|`1UtLHK1KdLD1haUlY5YoSg`
`4P0eS4QK9qeUhqrapGsJKS`|`Chester Bennington`|1|`1UtLHK1KdLD1haUlY5YoSg`
`4GnK2zRFtw1gBoiFORWHsA`|`Of Virtue`|0|`1w3XQHyd4stGaZmIlBU3cr`
`122qG4lB9vG6XCjrwJPnRJ`|`Royal Tusk`|0|`07ItTdGGI4isIM1Ieuigvc`
`3N8Hy6xQnQv1F1XCiyGQqA`|`Sleeping With Sirens`|0|`6nMNpGl4VvMhtYigbbOmBu`
`2aaLAng2L2aWD2FClzwiep`|`Dream Theater`|0|`3F8OmCcFxVdFsgo68JlBLu`
`59CIPNdUfewexxn1CJEdp5`|`Fozzy`|0|`4h9SKcQKdlhQ8Ix7f77SEn`
`54okLCsuAzwltG8zHECNpm`|`Hyro The Hero`|0|`5gM9zlxeezOWKpR04D9UL8`
`66CXWjxzNUsdJxJ2JdwvnR`|`Ariana Grande`|0|`0Ryd8975WihbObpp5cPW1t`
`5UjifI1TYefXWn9GdqDOHl`|`Social House`|1|`0Ryd8975WihbObpp5cPW1t`
`7bPU7cvfoD20ixGD9Qnqki`|`Stealers Wheel`|0|`3Vby4nGmtbDo7HDJamOWkT`
`2ZRQcIgzPCVaT9XKhXZIzh`|`Gryffin`|0|`2EdT0divbyKeaurz7KgPm1`
`2JfoFQs5wPHgLz8wnJ4wL2`|`ZOHARA`|1|`2EdT0divbyKeaurz7KgPm1`
`20gsENnposVs2I4rQ5kvrf`|`Sam Feldt`|0|`0qc4QlcCxVTGyShurEv1UU`
`3SYnDj7btg9gFY7ps8m5d5`|`RANI`|1|`0qc4QlcCxVTGyShurEv1UU`
`3JhNCzhSMTxs9WLGJJxWOY`|`Macklemore`|0|`09Hjv8GEDhzPxqiJCw8dSB`
`3TNpNnN7Y8QhtJJnQ08YeF`|`IRO`|1|`09Hjv8GEDhzPxqiJCw8dSB`
`06HL4z0CvFAxyc27GXpf02`|`Taylor Swift`|0|`0bzbvANY6oETSJLc0wlVGY`
`26VFTg2z8YR0cCuwLzESi2`|`Halsey`|0|`4bw3ZyWA1ui0Adu285NWDl`
`45eNHdiiabvmbp4erw26rg`|`ILLENIUM`|1|`4bw3ZyWA1ui0Adu285NWDl`
`7w9jdhcgHNdiPeNPUoFSlx`|`Dropkick Murphys`|0|`0feUtqIZb2P9Q8HW8tLcXx`
`5CiGnKThu5ctn9pBxv7DGa`|`benny blanco`|0|`7FGq80cy8juXBCD2nrqdWU`
`26VFTg2z8YR0cCuwLzESi2`|`Halsey`|1|`7FGq80cy8juXBCD2nrqdWU`
`6LuN9FCkKOj5PcnpouEgny`|`Khalid`|2|`7FGq80cy8juXBCD2nrqdWU`
`3LkSiHbjqOHCKCqBfEZOTv`|`Atreyu`|0|`3zpG7VWuAZz5KWQsr4Kgag`
`44gRHbEm4Uqa0ykW0rDTNk`|`Ben Folds Five`|0|`1e0xsmVXtQyK1qn9ySs2YM`
`7FBcuc1gsnv6Y1nwFtNRCb`|`My Chemical Romance`|0|`5dTHtzHFPyi8TlTtzoz1J9`
`49CE2ffZ6Z3zeYSDauSKck`|`Tungevaag`|0|`2hara3gB7DvvotSS7kaaDG`
`1w67D3PakcxjYGt6xPnnke`|`Darius & Finlay`|0|`67g6nsPt1dJoLDeDmjteW4`
`56JVNVix1HgLwxGGHnSAdq`|`Nicco`|1|`67g6nsPt1dJoLDeDmjteW4`
`6qqNVTkY8uBg9cP3Jd7DAH`|`Billie Eilish`|0|`7hDVYcQq6MxkdJGweuCtl9`
`6H2JQ8igAAa5UBr2u496mb`|`John O'Callaghan`|0|`0kaPLAUIT183BmQgKCqx94`
`4zdJthk33AZlEot0q8FMoM`|`Clare Stagg`|1|`0kaPLAUIT183BmQgKCqx94`
`5FXLHhKgStv36wfwXMhTWt`|`Will Atkinson`|2|`0kaPLAUIT183BmQgKCqx94`
`0c173mlxpT3dSFRgMO8XPh`|`Big Sean`|0|`2B9wgj9XzbJZLty03PRbVo`
`6q3p11nP1p80Ey6LrOOSed`|`Hit-Boy`|1|`2B9wgj9XzbJZLty03PRbVo`
`5dHt1vcEm9qb8fCyLcB3HL`|`A$AP Ferg`|2|`2B9wgj9XzbJZLty03PRbVo`
`5ZsFI1h6hIdQRw2ti0hz81`|`ZAYN`|0|`799ZJmqIOCy589IzlTZ0Wy`
`5WUlDfRSoLAfcVSX1WnrxN`|`Sia`|1|`799ZJmqIOCy589IzlTZ0Wy`
`4mHAu7NX2UNsnGXjviBD9e`|`Brooks`|2|`799ZJmqIOCy589IzlTZ0Wy`
`5sM4cZ9MHihs0tbmkiE9n8`|`Jamie Berry`|0|`36kaImsnzRzsU6L4cvWP6s`
`3jT2Zl57kYDK5qI8fkl1L9`|`Octavia Rose`|1|`36kaImsnzRzsU6L4cvWP6s`
`3TOqt5oJwL9BE2NG9MEwDa`|`Disturbed`|0|`4Q5uB9p1o0DfjdVtkODhvL`
`56oDRnqbIiwx4mymNEv7dS`|`Lizzo`|0|`0YG0lnYgS1MX3FLfHwoBEM`
`6ntbVXWosvkE09PPvux1cB`|`BNDR`|1|`0YG0lnYgS1MX3FLfHwoBEM`
`586uxXMyD5ObPuzjtrzO1Q`|`Sofi Tukker`|0|`6WiGRFQfx2qw49MA7OeDYK`
`4nDoRrQiYLoBzwC5BhVJzF`|`Camila Cabello`|0|`7LzouaWGFCy4tkXDOOnEyM`
`6FBDaR13swtiWwGhX1WQsP`|`blink-182`|0|`1VPoFXYjoganemxvLPhhKd`
`3N8Hy6xQnQv1F1XCiyGQqA`|`Sleeping With Sirens`|0|`3A1jkLwsYjaH30J0v6oZCF`
`3AQRLZ9PuTAozP28Skbq8V`|`The Script`|0|`38xWaVFKaxZlMFvzNff2aW`
`66CXWjxzNUsdJxJ2JdwvnR`|`Ariana Grande`|0|`3NkJNL3WqO1Lqc3uNDxvCN`
`5YGY8feqx7naU7z4HrwZM6`|`Miley Cyrus`|1|`3NkJNL3WqO1Lqc3uNDxvCN`
`00FQb4jTyendYWaN8pK0wa`|`Lana Del Rey`|2|`3NkJNL3WqO1Lqc3uNDxvCN`
`26VFTg2z8YR0cCuwLzESi2`|`Halsey`|0|`6V9fHiv84WlVTg7CSnIVY2`
`7IEyUxk8jyEVz9Zm9H8bfg`|`New Years Day`|0|`6RT2boG8dbLXpgnSXQx1LY`
`25Maank76ry2Tmbi2Ql1SF`|`The Interrupters`|0|`60FJeNTK5edr72G2xtCWuP`
`25Maank76ry2Tmbi2Ql1SF`|`The Interrupters`|0|`4C0ZP5m9z0pfefQHUhach5`
`25Maank76ry2Tmbi2Ql1SF`|`The Interrupters`|0|`0jvp7pKIiGpDwqG4t13VjA`
`25uiPmTg16RbhZWAqwLBy5`|`Charli XCX`|0|`2RCUr24WkEe2r5Vv4oDKlN`
`56oDRnqbIiwx4mymNEv7dS`|`Lizzo`|1|`2RCUr24WkEe2r5Vv4oDKlN`
`25uiPmTg16RbhZWAqwLBy5`|`Charli XCX`|0|`1yUJK3qxPiFiPeAG2gLfuW`
`04vj3iPUiVh5melWr0w3xT`|`Christine and the Queens`|1|`1yUJK3qxPiFiPeAG2gLfuW`
`6FBDaR13swtiWwGhX1WQsP`|`blink-182`|0|`330cmrgtnIj4NtPTYdDOZv`
`6FBDaR13swtiWwGhX1WQsP`|`blink-182`|0|`39n1y2JqVOPIdfUeLqzgfl`
`586uxXMyD5ObPuzjtrzO1Q`|`Sofi Tukker`|0|`0xqf9gfRViie5hE53jO4rs`
`5n9bMYfz9qss2VOW89EVs2`|`Bomba Estéreo`|1|`0xqf9gfRViie5hE53jO4rs`
`586uxXMyD5ObPuzjtrzO1Q`|`Sofi Tukker`|0|`7kbvd5Vb4fFWvdWIjjA0gQ`
`5R3Hr2cnCCjt220Jmt2xLf`|`Dillon Francis`|0|`6qNF8DPqXK3P7Z7Gwo4jYe`
`6FBDaR13swtiWwGhX1WQsP`|`blink-182`|0|`207xJdEW3KQZbkLqgl5b7G`
`6fxyWrfmjcbj5d12gXeiNV`|`Denzel Curry`|0|`27F7BWz4WuC8GuSIcFbx1a`
`12NW4D7Ld2lyIXwjitgiA1`|`Sam Sneak`|1|`27F7BWz4WuC8GuSIcFbx1a`
`6fxyWrfmjcbj5d12gXeiNV`|`Denzel Curry`|0|`2QbGvQssb0VLLS4x5NOmyJ`
`6oFs3qk4VepIVFdoD4jmsy`|`PVRIS`|0|`7zpMz3am0n83WmDxVqp9GQ`
`2qxJFvFYMEDqd7ui6kSAcq`|`Zedd`|0|`5aUSEPNd3m5xliFK4pn5mU`
`0cGUm45nv7Z6M6qdXYQGTX`|`Kehlani`|1|`5aUSEPNd3m5xliFK4pn5mU`
`6wKxOKEA3K6R2UZ3COLXEY`|`Elohim`|0|`6S1aFdaV41SyKrEVu1ca3q`
`7zyObVag8rUjItn71SkIrh`|`Survive Said The Prophet`|0|`02846iBEHz7g1pFLvpRllW`
`4tususHNaR68xdgLstlGBA`|`Of Mice & Men`|0|`2qteWVf7459okiPxGwgyez`
`3Uobr6LgQpBbk6k4QGAb3V`|`I Prevail`|0|`6Q1m1GyNxyOwZ2ud3p7XoS`
`74XFHRwlV6OrjEM0A2NCMF`|`Paramore`|0|`0q99swv2f9L5m8JHkF3sDC`
`7zyObVag8rUjItn71SkIrh`|`Survive Said The Prophet`|0|`3aebringvaYqzX9e6qV0pu`
`3CjlHNtplJyTf9npxaPl5w`|`CHVRCHES`|0|`1KOGBw8kuawbxJWqcHypy0`
`4rojTfP5nRkmYpdSbWQgV4`|`Death Stranding: Timefall`|1|`1KOGBw8kuawbxJWqcHypy0`
`3Xt3RrJMFv5SZkCfUE8C1J`|`Kim Petras`|0|`7nnafmscvVTtlRMkwZk5QL`
`3Xt3RrJMFv5SZkCfUE8C1J`|`Kim Petras`|0|`3MTk8zTFCHgMei64ycr6GH`
`3Xt3RrJMFv5SZkCfUE8C1J`|`Kim Petras`|0|`1bavScFRvMyEXabQm3KLrA`
`3Xt3RrJMFv5SZkCfUE8C1J`|`Kim Petras`|0|`2tvyrJc4sbpxVi1pHzE7F1`
`6guC9FqvlVboSKTI77NG2k`|`Dance Gavin Dance`|0|`5HllOy0J5LuH96EzMLGCPe`
`31jvzuB4ikftPQZJwrYfCF`|`Enter Shikari`|0|`2tPNoYGaDmDWYCk1hO4ko9`
`00YTqRClk82aMchQQpYMd5`|`Our Last Night`|0|`0YEg2JfkMeJ1hTYqop4A5o`
`4gO25bbcu1eFNi8uDCvJFS`|`Derek DiScanio`|1|`0YEg2JfkMeJ1hTYqop4A5o`
`6guC9FqvlVboSKTI77NG2k`|`Dance Gavin Dance`|0|`3YnVu5F9cHmsgygBdx7WTl`
`7zyObVag8rUjItn71SkIrh`|`Survive Said The Prophet`|0|`1Q1dY1a3PxLemOAE1qLH22`
`25Maank76ry2Tmbi2Ql1SF`|`The Interrupters`|0|`0iM1Ioz4N4p7MU1DKyqsov`
`00YTqRClk82aMchQQpYMd5`|`Our Last Night`|0|`0osktpHbjYekkM80pQkzbd`
`05Am7rOfCvNggzIEeAhbiV`|`MC Lars`|0|`1udmwKNf4rSh1djrRNaG11`
`3HajGyV6aBMuSobQf1xbNY`|`Suburban Legends`|1|`1udmwKNf4rSh1djrRNaG11`
`4Zmee1YWmGEFv54HkFbx6C`|`The Mc Bat Commander`|2|`1udmwKNf4rSh1djrRNaG11`
`51J0q8S7W3kIEYHQi3EPqk`|`Bayside`|0|`2FqxccUyKdBblPFDs08CC0`
`51J0q8S7W3kIEYHQi3EPqk`|`Bayside`|0|`6yuPyWu2I5RvuYgDIdaHWp`
`5LfGQac0EIXyAN8aUwmNAQ`|`The Offspring`|0|`3k4ZgTcELlkzkcyow9fmx9`
`0qqxspZOkbN00bu6DaRIrn`|`Four Year Strong`|0|`2UJSgFBECh9Tc0u0zTTKo1`
`56oDRnqbIiwx4mymNEv7dS`|`Lizzo`|0|`07Oz5StQ7GRoygNLaXs2pd`
`66CXWjxzNUsdJxJ2JdwvnR`|`Ariana Grande`|1|`07Oz5StQ7GRoygNLaXs2pd`
`51J0q8S7W3kIEYHQi3EPqk`|`Bayside`|0|`5g4ENWdp43q5ZLH5Pre7s0`
`0qqxspZOkbN00bu6DaRIrn`|`Four Year Strong`|0|`44RrOIa9ziCFW9YC6ndAUL`
`0qqxspZOkbN00bu6DaRIrn`|`Four Year Strong`|0|`2axAqRd2SSKmbA6fTuoRzM`
`6M2wZ9GZgrQXHCFfjv46we`|`Dua Lipa`|0|`6WrI0LAC5M1Rw2MnX2ZvEg`
`4Ui2kfOqGujY81UcPrb5KE`|`HAIM`|0|`5K7x78NAL50rhfhm73ePNb`
`3gk0OYeLFWYupGFRHqLSR7`|`Showtek`|0|`2EpS5TgdngSISM63rhBsnK`
`2INDI0xc49oGYTZC7fBZjX`|`We Are Loud`|1|`2EpS5TgdngSISM63rhBsnK`
`3gTl4XARdQR2Sy59osG0Ia`|`Sonny Wilson`|2|`2EpS5TgdngSISM63rhBsnK`
`6qqNVTkY8uBg9cP3Jd7DAH`|`Billie Eilish`|0|`3ZCTVFBt2Brf31RLEnCkWJ`
`70kkdajctXSbqSMJbQO424`|`Kacey Musgraves`|0|`5EeQQ8BVJTRkp1AIKJILGY`
`3ONUI6Gh4s7kcv3h0EuG2K`|`Anna Sofia`|0|`6TFn4whoPiM69vU2Wx1kh8`
`6FBDaR13swtiWwGhX1WQsP`|`blink-182`|0|`3u4CBb9wt40Wo2v6PcKJff`
`69zod0sM8gGDJR9gHk9OCw`|`Discovered Winds`|0|`2Zqu6kD02SjiODv88hIZgf`
`69GGBxA162lTqCwzJG5jLp`|`The Chainsmokers`|0|`3TKpJrY9q49Mj1JOsM9zGL`
`23fqKkggKUBHNkbKtXEls4`|`Kygo`|1|`3TKpJrY9q49Mj1JOsM9zGL`
`6sFIWsNpZYqfjUpaCgueju`|`Carly Rae Jepsen`|0|`6vXVtrzXIXvKbgZML5Ehw3`
`6M2wZ9GZgrQXHCFfjv46we`|`Dua Lipa`|0|`5Vzpmk27VQ9M77SCkSkERq`
`3Wcyta3gkOdQ4TfY0WyZpu`|`YONAKA`|0|`6XZ8SzOsrIPce5JdgMeJFF`
`7n2wHs1TKAczGzO7Dd2rGr`|`Shawn Mendes`|0|`0TK2YIli7K1leLovkQiNik`
`4nDoRrQiYLoBzwC5BhVJzF`|`Camila Cabello`|1|`0TK2YIli7K1leLovkQiNik`
`73sIBHcqh3Z3NyqHKZ7FOL`|`Childish Gambino`|0|`2ZltjIqztEpZtafc8w0I9t`
`5VOokbPJRb3e8tJYMxxsMQ`|`TAI`|0|`2VoLg2kV27ZMKJrCXFPL0o`
`7bH17jyjkwMPMh9AS8EH0u`|`le Shuuk`|1|`2VoLg2kV27ZMKJrCXFPL0o`
`3N8Hy6xQnQv1F1XCiyGQqA`|`Sleeping With Sirens`|0|`3ouugfdFz6exFXUxu7wRvD`
`6oFs3qk4VepIVFdoD4jmsy`|`PVRIS`|0|`7zmUna3f0xGY0vFDTa7aks`
`1i8SpTcr7yvPOmcqrbnVXY`|`Ozuna`|0|`7rFxvKtiIeCfjmn1uKxmI9`
`2NjfBq1NflQcKSeiDooVjY`|`Tones And I`|0|`2XU0oxnq2qxCpomAAuJY8K`
`1Ffb6ejR6Fe5IamqA5oRUF`|`Bring Me The Horizon`|0|`03CbQgFxnBFoaaVJTfEqMD`
`641seLgR0Ux2o16l0LrBkP`|`Closure`|0|`0aRy46fbao32mc4GXMtc9t`
`4WfUbvICLrqPW9rzuNGS1f`|`Blood Command`|0|`4wGI9mWsQA6KMkS92NMTeY`
`4WfUbvICLrqPW9rzuNGS1f`|`Blood Command`|0|`6QSzWl30tQcu207oEQi3v4`
`4WfUbvICLrqPW9rzuNGS1f`|`Blood Command`|0|`5GRikxJBD41VUtEhxyHeUd`
`4WfUbvICLrqPW9rzuNGS1f`|`Blood Command`|0|`1nyY66eCY9ZGNthiQNabqz`
`26VFTg2z8YR0cCuwLzESi2`|`Halsey`|0|`2usxQITOSDqvkYiI0oIwao`
`47MpMsUfWtgyIIBEFOr4FE`|`Lunay`|0|`37zdqI4r1gswIzczSBkRon`
`1i8SpTcr7yvPOmcqrbnVXY`|`Ozuna`|1|`37zdqI4r1gswIzczSBkRon`
`2R21vXR83lH98kGeO99Y66`|`Anuel AA`|2|`37zdqI4r1gswIzczSBkRon`
`4WfUbvICLrqPW9rzuNGS1f`|`Blood Command`|0|`3H8N08PDUjvgz69gyBfzHz`
`0nq64XZMWV1s7XHXIkdH7K`|`The Wonder Years`|0|`2s4FN8jRoBNhcTl250lPiS`
`0gvb5LJ9nR6z0UqohIojP1`|`Jessie Buckley`|0|`2oZenmLAmguV2umcerVR1K`
`3ShGiAyhxI6Rq3TknZ3gfk`|`Arkells`|0|`3AAtDhdFRnNKJ77kvlMN0J`
`3N8Hy6xQnQv1F1XCiyGQqA`|`Sleeping With Sirens`|0|`1wFRkVclQWfMQQcaVLjmBE`
`5Vp7LqcfAtx2U1RfIX8i7r`|`Point North`|0|`1Rs1G3Yu19TnsddMqgoEjv`
`25uiPmTg16RbhZWAqwLBy5`|`Charli XCX`|0|`3WGJSY8JaGliVIJyMig5aS`
`3WGpXCj9YhhfX11TToZcXP`|`Troye Sivan`|1|`3WGJSY8JaGliVIJyMig5aS`
`3Xt3RrJMFv5SZkCfUE8C1J`|`Kim Petras`|0|`5uVRkwOe3DGXxeLhEXhonQ`
`4NHQUGzhtTLFvgF5SZesLK`|`Tove Lo`|0|`2jUoKSWTHduXxUL3JomwhB`
`2pqd3HsfsvcBGtHvPOg6eg`|`Highly Suspect`|0|`7jHJ2MzIKO1kIMxGamKRKn`
`5Vp7LqcfAtx2U1RfIX8i7r`|`Point North`|0|`7zu033uK8PfJ0lqOIKHhzL`
`5Vp7LqcfAtx2U1RfIX8i7r`|`Point North`|0|`0j80OMNnPlSWUwLoJkB1JR`
`7BZ3v2GTT5KHVmc9Gk1sRb`|`Koo Koo Kanga Roo`|0|`0TrvdodgjY1TtXWEgwm6v7`
`27M9shmwhIjRo7WntpT9Rp`|`Frank Turner`|0|`1AN3Ljpu2jB6fgtWAyU3oW`
`1Xyo4u8uXC1ZmMpatF05PJ`|`The Weeknd`|0|`0sf12qNH5qcw8qpgymFOqD`
`5Vp7LqcfAtx2U1RfIX8i7r`|`Point North`|0|`2Amuj37revVDiMu9NeqU7k`
`5Vp7LqcfAtx2U1RfIX8i7r`|`Point North`|0|`3ULW5CjAOAMmae0iW24Ikm`
`27M9shmwhIjRo7WntpT9Rp`|`Frank Turner`|0|`7x26PiBR0OrwphP231yn3R`
`4WfUbvICLrqPW9rzuNGS1f`|`Blood Command`|0|`3sGr7eT7QLNF7276XVgaf0`
`6Rx1JKzBrSzoKQtmbVmBnM`|`Hayley Williams`|0|`4O2XaXdnpyUPj90lNq1bIR`
`27M9shmwhIjRo7WntpT9Rp`|`Frank Turner`|0|`7edGUOJ1JzA9pmCYP4uchP`
`5KWOCu1saEHAhPiLKlOLIy`|`Leo`|0|`62lM2pYy2aJS3stmG53ujK`
`5KWOCu1saEHAhPiLKlOLIy`|`Leo`|0|`0I1a8BeBtsVXrDnBk86Vaq`
`140Mz9HM8aQSbKqcE16zer`|`Hannah Boulton`|1|`0I1a8BeBtsVXrDnBk86Vaq`
`2VMefj2Ob7Dc7PElvmMdOX`|`Rabea Massaad`|2|`0I1a8BeBtsVXrDnBk86Vaq`
`46gyXjRIvN1NL1eCB8GBxo`|`All Time Low`|0|`50apupgIsboypmi9HgZ1vw`
`23fqKkggKUBHNkbKtXEls4`|`Kygo`|0|`3o1CUVeHIid49sabk6A6Nf`
`1vCWHaC5f2uS3yhpwWbIA6`|`Avicii`|1|`3o1CUVeHIid49sabk6A6Nf`
`5JYo7gm2dkyLLlWHjxS7Dy`|`Sandro Cavazza`|2|`3o1CUVeHIid49sabk6A6Nf`
`0dlDsD7y6ccmDm8tuWCU6F`|`Freddie Dredd`|0|`4areFtLMjGt4GmO4IAbGo0`
`4V8LLVI7PbaPR0K2TGSxFF`|`Tyler, The Creator`|0|`4f8Mh5wuWHOsfXtzjrJB3t`
`5e9SnnT1mabuWwjwu6FrZD`|`Youth Fountain`|0|`73hPYfG7G5eBB63YJtI4Ll`
`2TM0qnbJH4QPhGMCdPt7fH`|`Neck Deep`|0|`6v4fEiOFSrBu1wRGO1qBLs`
`27M9shmwhIjRo7WntpT9Rp`|`Frank Turner`|0|`0tfgbbx3n9EFL4fKIAQRBC`
`06bDwgCHeMAwhgI8il4Y5k`|`Set It Off`|0|`2FxfCsAdtZDqoqjWqiib5X`
`06bDwgCHeMAwhgI8il4Y5k`|`Set It Off`|0|`1tXwzTSWCRXMMfwYdzo7ls`
`06bDwgCHeMAwhgI8il4Y5k`|`Set It Off`|0|`4WXFDVe299Po8ih6Np54n2`
`6Rx1JKzBrSzoKQtmbVmBnM`|`Hayley Williams`|0|`1gDuUTH27AGCbAuoh88axr`
`6M2wZ9GZgrQXHCFfjv46we`|`Dua Lipa`|0|`5px6upUHM3fhOP621Edp4V`
`06HL4z0CvFAxyc27GXpf02`|`Taylor Swift`|0|`2slqvGLwzZZYsT4K4Y1GBC`
`4Ge8xMJNwt6EEXOzVXju9a`|`Caroline Polachek`|0|`4ujKY4DaGQS08wykMsFSEd`
`6Rx1JKzBrSzoKQtmbVmBnM`|`Hayley Williams`|0|`4yn2FLKCyXU4TMUXc7vdrD`
`6Rx1JKzBrSzoKQtmbVmBnM`|`Hayley Williams`|0|`2eyUUBXAOEjfUaIHMs08J8`
`4svozL97Y6aqWeZNJPqvsL`|`Simple Creatures`|0|`5vxX2POnp7NBbaCAIVQix7`
`5Vp7LqcfAtx2U1RfIX8i7r`|`Point North`|0|`2b0ki4EJ3WhObwx30dyIdf`
`7CajNmpbOovFoOoasH2HaY`|`Calvin Harris`|0|`7MmG8p0F9N3C4AXdK6o6Eb`
`0X2BH1fck6amBIoJhDVmmJ`|`Ellie Goulding`|1|`7MmG8p0F9N3C4AXdK6o6Eb`
`7CajNmpbOovFoOoasH2HaY`|`Calvin Harris`|0|`6YUTL4dYpB9xZO5qExPf05`
`1oPRcJUkloHaRLYx0olBLJ`|`Magdalena Bay`|0|`2BDULLsKvQbXDswUz0zHyu`
`1oPRcJUkloHaRLYx0olBLJ`|`Magdalena Bay`|0|`3DXqYfzwXkD14cDB4W0Pv8`
`6qqNVTkY8uBg9cP3Jd7DAH`|`Billie Eilish`|0|`73SpzrcaHk0RQPFP73vqVR`
`641seLgR0Ux2o16l0LrBkP`|`Closure`|0|`0x6tLZhBeDWvq4yvjqFkQ3`
`4byZW0sEv5RUoyQBfv7CPw`|`The Reverend Horton Heat`|0|`2AiFJz6alFmSiBomgYoEPq`
`7LvoDJUNGnOrPdGRzVtOJ9`|`Young M.A`|0|`7asoA129HgQkm3MOVEUF0K`
`0tkLsIPCC7sZQrCcFhde5P`|`Relle Bey`|1|`7asoA129HgQkm3MOVEUF0K`
`1utuqjQ62Vu5Kokk1cY7Jg`|`Max YB`|2|`7asoA129HgQkm3MOVEUF0K`
`1TtJ8j22Roc24e2Jx3OcU4`|`Purity Ring`|0|`1Bildp7NM39gR3smbMh8W1`
`1TtJ8j22Roc24e2Jx3OcU4`|`Purity Ring`|0|`3LS02Ewrx5b2itSR2PPVjf`
`246dkjvS1zLTtiykXe5h60`|`Post Malone`|0|`21jGcNKet2qwijlDFuPiPb`
`7FBcuc1gsnv6Y1nwFtNRCb`|`My Chemical Romance`|0|`2kMjk14RmYyYhhSbipoa9U`
`3NBHNlkwYabSLvnisILPSI`|`In Her Own Words`|0|`3ybcrkT0uv8xR5uBiSSy8g`
`3NBHNlkwYabSLvnisILPSI`|`In Her Own Words`|0|`6FTAoRu1CKTy8KQcAmxSeb`
`4Z8W4fKeB5YxbusRsdQVPb`|`Radiohead`|0|`0COiZ7ncho2yi4HotbzgPv`
`7oPgCQqMMXEXrNau5vxYZP`|`Tracy Chapman`|0|`2M9ro2krNb7nr7HSprkEgo`
`2Sqr0DXoaYABbjBo9HaMkM`|`Sara Bareilles`|0|`4oa14QBfWRDfJy2agySy0L`
`6ew7qRw24oov125Oly8pFD`|`The Prince Karma`|0|`5tc3nnFOvx3IRm8Amu2P1n`
`1bW3e15ewZUHeQkIpgXoxg`|`Constantin`|1|`5tc3nnFOvx3IRm8Amu2P1n`
`3SiNCwhDyYfsNMw5sEQ7FZ`|`MazZz`|2|`5tc3nnFOvx3IRm8Amu2P1n`
`4Ws2otunReOa6BbwxxpCt6`|`Benny Benassi`|3|`5tc3nnFOvx3IRm8Amu2P1n`
`1W2Fv4YUnjC8hx2qQd6fGh`|`Stand Atlantic`|0|`5bJW3GFEgVklsym3fmCCaL`
`1W2Fv4YUnjC8hx2qQd6fGh`|`Stand Atlantic`|0|`5dcWa1boeP7ZlrkgItTbJb`
`1W2Fv4YUnjC8hx2qQd6fGh`|`Stand Atlantic`|0|`0O5WAeW9fQb0E1sKUi5QZt`
`1W2Fv4YUnjC8hx2qQd6fGh`|`Stand Atlantic`|0|`067JQKNvTIGO5huMxV7FkP`
`1W2Fv4YUnjC8hx2qQd6fGh`|`Stand Atlantic`|0|`6syUjJGy3z49PYBsp4PV5c`
`6jJ0s89eD6GaHleKKya26X`|`Katy Perry`|0|`455AfCsOhhLPRc68sE01D8`
`1W2Fv4YUnjC8hx2qQd6fGh`|`Stand Atlantic`|0|`0jDGtdVh5TM69LxqaI1mp3`
`3Xt3RrJMFv5SZkCfUE8C1J`|`Kim Petras`|0|`3TrlBZsnYnWRQFRJPYaz5u`
`6sFIWsNpZYqfjUpaCgueju`|`Carly Rae Jepsen`|0|`6tcjcJFRSdkIlThUUP39mJ`
`1HY2Jd0NmPuamShAr6KMms`|`Lady Gaga`|0|`2kJu14V7hbZw3I4K8L8SXb`
`3cR4rhS2hBWqI7rJEBacvN`|`Leslie Odom Jr.`|0|`5YouRirMOJa3Vcn7MzyF7X`
`4RX6VSUokwl9GVujjrnR7u`|`Sarah Walk`|0|`1DefGhAfSFyAQYlNDtWJEX`
`27M9shmwhIjRo7WntpT9Rp`|`Frank Turner`|0|`1rCNsLUp4FIiTWkpEqKILF`
`27M9shmwhIjRo7WntpT9Rp`|`Frank Turner`|0|`1pxxPZdDJmfrPdL1bWFbg4`
`3ShGiAyhxI6Rq3TknZ3gfk`|`Arkells`|0|`4cgZEMKdekAOLjSvTafZrr`
`1MIe1z4RdqLqHSJsb7EBMm`|`The Greeting Committee`|0|`7CrTWohCuzWE9VqeErADr8`
`27M9shmwhIjRo7WntpT9Rp`|`Frank Turner`|0|`5jQsvSuvkLmnx54DidiSZ5`
`7HWFXU9pHBj0u58yoRwwOJ`|`The Menzingers`|0|`1BqJIsOlo8rpm6FJ5N8VtJ`
`25IG9fa7cbdmCIy3OnuH57`|`Dixie Chicks`|0|`4BR0bp4qHX1lcBM2HtnoIm`
`76NpRNEWMaNdOudixwOPRo`|`Yours Truly`|0|`2DmNhvPUecofT7Zu7DJxS1`
`76NpRNEWMaNdOudixwOPRo`|`Yours Truly`|0|`5ttTxLCAPWvsBv6Co22fpV`
`4PrinKSrmILmo0kERG0Ogn`|`Trina`|0|`2iSSej4XF1TvnL957k86vP`
`5JZ7CnR6gTvEMKX4g70Amv`|`Lauv`|0|`5ikx3xVoCAoEMh47AYmZNe`
`6TZdvF1kFzwnQLgHQynzsO`|`Alien Ant Farm`|0|`5z6xHjCZr7a7AIcy8sPBKy`
`5cj0lLjcoR7YOSnhnX0Po5`|`Doja Cat`|0|`3Dv1eDb0MEgF93GpLXlucZ`
`2LQuNrg0CPQj6R9DJc2vXB`|`Felix Hagan & the Family`|0|`18b0AFxzWI4aSngG63qexx`
`6M2wZ9GZgrQXHCFfjv46we`|`Dua Lipa`|0|`1raaNykBg1bDnWENUiglUA`
`6M2wZ9GZgrQXHCFfjv46we`|`Dua Lipa`|0|`6zrJLhslleCHby0wbUnvVy`
`6M2wZ9GZgrQXHCFfjv46we`|`Dua Lipa`|0|`3PfIrDoz19wz7qK7tYeu62`
`6M2wZ9GZgrQXHCFfjv46we`|`Dua Lipa`|0|`2nMOodYNHBAQ3Kc1QNimZU`
`6M2wZ9GZgrQXHCFfjv46we`|`Dua Lipa`|0|`3AzjcOeAmA57TIOr9zF1ZW`
`6M2wZ9GZgrQXHCFfjv46we`|`Dua Lipa`|0|`39LLxExYz6ewLAcYrzQQyP`
`6M2wZ9GZgrQXHCFfjv46we`|`Dua Lipa`|0|`6DXZiYUbrYgrVIhfX3U9Z2`
`6M2wZ9GZgrQXHCFfjv46we`|`Dua Lipa`|0|`1nYeVF5vIBxMxfPoL0SIWg`
`6M2wZ9GZgrQXHCFfjv46we`|`Dua Lipa`|0|`4rPkN1FMzQyFNP9cLUGIIB`
`6M2wZ9GZgrQXHCFfjv46we`|`Dua Lipa`|0|`017PF4Q3l4DBUiWoXk4OWT`
`6M2wZ9GZgrQXHCFfjv46we`|`Dua Lipa`|0|`6uAFJ75WDAoAPyCWJAtvks`
`6M2wZ9GZgrQXHCFfjv46we`|`Dua Lipa`|0|`0vQcyuMEfRBd21ojZ62N2L`
`6guC9FqvlVboSKTI77NG2k`|`Dance Gavin Dance`|0|`6U9ZO3dHvGQjTzjVWN4ypI`
`1fd3fmwlhrDl2U5wbbPQYN`|`Apashe`|0|`4enNLfTLeyZLYtjfXzqYSZ`
`3Fe5n1HNeOPaDPwcPIx6Qc`|`SPLITBREED`|1|`4enNLfTLeyZLYtjfXzqYSZ`
`2CIMQHirSU0MQqyYHq0eOx`|`deadmau5`|0|`5H0CfA9GaNg0wROR9K3X3K`
`36tYUHvwOqvoVtpDscFUHw`|`Chris James`|1|`5H0CfA9GaNg0wROR9K3X3K`
`2IjiuEObrCKyZvSb8xLxG9`|`filous`|0|`7dZJrIhvv8dkM6O7Xb8Lww`
`04Tq9kLCxG1auw8xfUD4Mp`|`klei`|1|`7dZJrIhvv8dkM6O7Xb8Lww`
`5V6in0cvu62IAx3PHDiA9R`|`Dan P.`|0|`3epnwQojxzkuz2mxziBq3I`
`6oFs3qk4VepIVFdoD4jmsy`|`PVRIS`|0|`6dYiwoRJ5Ce27phy4H2bGT`
`5V6in0cvu62IAx3PHDiA9R`|`Dan P.`|0|`7g906qCRQhOgSK61Gbxejs`
`6fcTRFpz0yH79qSKfof7lp`|`Seven Lions`|0|`27YD36FUikKxbp3bKSiKGZ`
`20DZAfCuP1TKZl5KcY7z3Q`|`SLANDER`|1|`27YD36FUikKxbp3bKSiKGZ`
`7lZauDnRoAC3kmaYae2opv`|`Dabin`|2|`27YD36FUikKxbp3bKSiKGZ`
`6d0ZjIp5L7Ygy2l02HskRX`|`Dylan Matthew`|3|`27YD36FUikKxbp3bKSiKGZ`
`5V6in0cvu62IAx3PHDiA9R`|`Dan P.`|0|`6Okh0hCdsTT6j9tJweJaB2`
`7zm3aSdmGiOkTt0aZFSO8R`|`Wax Motif`|0|`7MysdJNLp89Xl3zoSd5bC5`
`1C60viSZv6BoYtrnkZ44g5`|`Nadia Ali`|0|`5BVpnY6kHnlHov48OGvADR`
`6gJE2UbjRlQBb0dFmMQTm0`|`Starkillers`|1|`5BVpnY6kHnlHov48OGvADR`
`57emG0pZhSfbfskupwZ4Bu`|`Alex Kenji`|2|`5BVpnY6kHnlHov48OGvADR`
`67koLjNJIwd3at8sM8EAkt`|`The Bridge City Sinners`|0|`5CU7ewecONNlWAJHu04HJQ`
`64KEffDW9EtZ1y2vBYgq8T`|`Marshmello`|0|`3Z8FwOEN59mRMxDCtb8N0A`
`26VFTg2z8YR0cCuwLzESi2`|`Halsey`|1|`3Z8FwOEN59mRMxDCtb8N0A`
`77AiFEVeAVj2ORpC85QVJs`|`Steve Aoki`|0|`5Q4blH81cPzOPt4FooSxQc`
`1VBflYyxBhnDc9uVib98rw`|`Icona Pop`|1|`5Q4blH81cPzOPt4FooSxQc`
`6StTE02qIwbcJjGEDSZgg5`|`AVIAN GRAYS`|2|`5Q4blH81cPzOPt4FooSxQc`
`0SfsnGyD8FpIN4U4WCkBZ5`|`Armin van Buuren`|3|`5Q4blH81cPzOPt4FooSxQc`
`45eNHdiiabvmbp4erw26rg`|`ILLENIUM`|0|`33w2gkvsI5iAnMI8z8mYln`
`3NPpFNZtSTHheNBaWC82rB`|`X Ambassadors`|1|`33w2gkvsI5iAnMI8z8mYln`
`0daugAjUgbJSqdlyYNwIbT`|`Vicetone`|0|`2URnJ0pGKPFpZowwVjKwPR`
`5YMqwPmb7ViNXM63g1MUH5`|`BullySongs`|1|`2URnJ0pGKPFpZowwVjKwPR`
`6guC9FqvlVboSKTI77NG2k`|`Dance Gavin Dance`|0|`6u5hjPcmcxp86dIoH02rj2`
`3bXhZFreBJF4QDUUiMmtZW`|`Reel Big Fish`|0|`0ZJ9MlhKo1RvSFk1vSBPhg`
`5dM7jA0PXh0Ozz8LT2YOCB`|`Ann Peebles`|0|`0CcL4kSHKIEwF3IW0BGgb6`
`3Xt3RrJMFv5SZkCfUE8C1J`|`Kim Petras`|0|`31k41EAntOsjbRBcAASfiL`
`2fBURuq7FrlH6z5F92mpOl`|`Digitalism`|0|`2DoQOnQ0dPOTSYWhBFMK58`
`521qvhdobR0GzhvU6TFw76`|`Tritonal`|0|`1uy17QxhHh4Z2pBj9RbEK1`
`5qQFXHDOeYjiZVrCUO56Pk`|`Maia Wright`|1|`1uy17QxhHh4Z2pBj9RbEK1`
`4sTQVOfp9vEMCemLw50sbu`|`Galantis`|0|`5L4qcZ6V7PeC1m3iGi6Ddz`
`7Bo6vpAmmhylCRWoHSBkcZ`|`Steff da Campo`|1|`5L4qcZ6V7PeC1m3iGi6Ddz`
`4mHAu7NX2UNsnGXjviBD9e`|`Brooks`|0|`1R21QoQWvXJv5stDGp0eJz`
`71WExccCBN2mw0klSzfYzz`|`Gia Koka`|1|`1R21QoQWvXJv5stDGp0eJz`
`1IQ2e1buppatiN1bxUVkrk`|`Slayer`|0|`01Mpj13vURSO3cCLprPt5T`
`23fqKkggKUBHNkbKtXEls4`|`Kygo`|0|`7xbWAw3LMgRMn4omR5yVn3`
`5Pwc4xIPtQLFEnJriah9YJ`|`OneRepublic`|1|`7xbWAw3LMgRMn4omR5yVn3`
`7gOdHgIoIKoe4i9Tta6qdD`|`Jonas Brothers`|0|`77fvnWALKJR0ws1VUx09CY`
`790FomKkXshlbRYZFtlgla`|`KAROL G`|1|`77fvnWALKJR0ws1VUx09CY`
`2VYQTNDsvvKN9wmU5W7xpj`|`Marilyn Manson`|0|`1ISP2dNYO2gxnGISJFEboR`
`1NyxTiCivDmzgFWYD1V01m`|`Justin Caruso`|0|`0D2UE6RcKeLQ390FjCJS14`
`43G7qlx7v7OGJJrUTXIqLq`|`Ivy Adara`|1|`0D2UE6RcKeLQ390FjCJS14`
`37ZPyBkGrrKwdNiNWUgIqS`|`Divine Ascension`|0|`7eBpcTDLZAYWL9diJcXOqa`
`2fBURuq7FrlH6z5F92mpOl`|`Digitalism`|0|`1j1l9kKR3qcFnf3MtVX7q7`
`67koLjNJIwd3at8sM8EAkt`|`The Bridge City Sinners`|0|`63DaDB3PZgrO3G38fSZU6C`
`67koLjNJIwd3at8sM8EAkt`|`The Bridge City Sinners`|0|`71RzsYBvhzEPc7Am2fGDVe`
`1xUhNgw4eJDZfvumIpcz1B`|`Children Of Bodom`|0|`1pPJ0GsKjszSzlp2JLtrMA`
`0TKFPt9w0AAEnhB9bd0pLy`|`LUM!X`|0|`0YU17F0BlVXvmx5ytsR43w`
`5ENS85nZShljwNgg4wFD7D`|`Gabry Ponte`|1|`0YU17F0BlVXvmx5ytsR43w`
